age,daily,drawdown,gain,link,monthly,name,pips,price,profit_factor,rank,trades,type,won
3.62, 0.10%,81.9%,11.89%,https://www.signalstart.com/analysis/cloudy/112502, 3.12%,Cloudy,"38,357.3",$150, 1.41,1,2183,Real, 56%
4.62, 0.71%,25%,168.74%,https://www.signalstart.com/analysis/kingsman-trader/105334, 23.65%,Kingsman trader,"8,029",$49, 1.25,3,328,Real, 50%
32.0, 0.95%,52.5%,"1,183,598.54%",https://www.signalstart.com/analysis/serendipity-fortune/97235, 32.77%,serendipity fortune,"11,609.5",$39, 18.67,7,367,Real, 91%
5.16, 0.87%,49.4%,283.14%,https://www.signalstart.com/analysis/alpha-winner/108946, 29.54%,Alpha Winner,"4,825.9",$40, 4.44,4,2044,Real, 92%
56.0, 0.00%,88.8%,5.77%,https://www.signalstart.com/analysis/100k-challenge/121777, 0.10%,100K Challenge,"5,420.1",$30, 1.25,5,452,Real, 58%
10.79, 0.77%,20.4%,"1,113.5%",https://www.signalstart.com/analysis/goodwill-godfather/117514, 25.94%,Goodwill Godfather,"7,501.5",$99, 1.54,6,709,Real, 63%
2.75, 0.80%,5.1%,92.98%,https://www.signalstart.com/analysis/af-global-expert-pro-final/122589, 26.57%,AF Global Expert Pro Final,"31,407.8",$200, 5.86,10,2815,Real, 80%
14.0, 0.59%,73.6%,"1,143.02%",https://www.signalstart.com/analysis/lions-den/112033, 19.09%,Lions Den,"7,391.5",$30, 5.38,2,326,Real, 85%
7.39, 1.08%,6.9%,986.76%,https://www.signalstart.com/analysis/sensation/127636, 37.90%,Sensation,"11,360.8",$50, 5.81,9,405,Real, 75%
10.79, 0.83%,30.3%,"1,369.12%",https://www.signalstart.com/analysis/charity-fund-04/116653, 28.18%,charity fund 04,"6,262.3",$100, 1.93,8,423,Real, 65%
6.33, 0.26%,7.4%,64.82%,https://www.signalstart.com/analysis/mars/76466, 8.18%,Mars,"4,190.7",$39, 8.84,17,174,Real, 86%
42.0, 0.20%,9.3%,"1,118.15%",https://www.signalstart.com/analysis/starttrading/72336, 6.02%,StartTrading,"27,063.9",$59, 7.52,18,559,Real, 85%
2.79, 1.09%,44.3%,147.62%,https://www.signalstart.com/analysis/rapid-growth/111340, 37.87%,Rapid growth,"1,214.2",$31, 3.41,14,152,Real, 89%
2.85, 1.04%,37.9%,144.18%,https://www.signalstart.com/analysis/twl-ea/129827, 36.19%,TWL EA,"1,251.1",$88, 2.32,15,972,Real, 68%
29.0, 0.19%,45.6%,457%,https://www.signalstart.com/analysis/passionate-trader/102772, 5.85%,Passionate Trader,"7,219.5",$49, 8.27,13,266,Real, 82%
5.02, 0.55%,19%,127.99%,https://www.signalstart.com/analysis/upscale-signals-eurusd/107154, 17.83%,Upscale Signals EURUSD,883.8,$150, 2.14,20,101,Real, 82%
7.59, 4.40%,15.4%,"1,842,224.94%",https://www.signalstart.com/analysis/i-am-your-banker/119173, 262.68%,I am Your Banker,"45,690.6",$350, 70.05,-,208,Real, 95%
6.46, 0.57%,26.1%,200.74%,https://www.signalstart.com/analysis/all-right-just-relax/123961, 18.49%,All Right Just Relax,"4,253.7",$50, 34.51,11,205,Real, 98%
8.89, 1.03%,71.5%,"1,441.4%",https://www.signalstart.com/analysis/mercury-eurjpy-rx/64335, 35.87%,Mercury EURJPY RX,287.6,$75, 2.35,12,162,Real, 80%
9.56, 0.38%,13.7%,195.17%,https://www.signalstart.com/analysis/nasdaq-trade-hands/131080, 11.95%,NASDAQ Trade in hands,"360,836.1",$75, 2.09,16,787,Real, 90%
29.0, 0.76%,75.3%,"93,178.57%",https://www.signalstart.com/analysis/a77777/115183, 25.64%,A77777,"480,047.7",$100, 1.46,19,4255,Real, 64%
19.0, 1.55%,89.5%,"1,025,620.07%",https://www.signalstart.com/analysis/bang-banker/57736, 58.36%,Bang the Banker,"87,119.6",$290, 3.42,-,769,Real, 70%
12.2, 1.90%,75.7%,"106,432.86%",https://www.signalstart.com/analysis/10x-strategy/86847, 75.53%,The 10x Strategy,"5,938.2",$69, 8.66,-,277,Real, 87%
45.0, 0.46%,47.5%,"53,762.75%",https://www.signalstart.com/analysis/night-scalping/18002, 14.68%,Night Scalping,"4,253.3",$35, 1.7,24,1965,Real, 76%
4.13, 5.10%,84.9%,"47,744.27%",https://www.signalstart.com/analysis/masogi/91999, 341.28%,Masogi,"12,271.2",$70, 2.11,-,810,Real, 83%
25.0, 0.72%,50.4%,"26,069.94%",https://www.signalstart.com/analysis/gelios/38201, 23.82%,Gelios,"6,450.3",$59, 4.11,318,701,Real, 79%
55.0, 0.30%,42.9%,"17,146.82%",https://www.signalstart.com/analysis/wise-n-rich/55922, 9.52%,Wise N Rich,"64,441.4",$69, 3.23,254,6184,Real, 79%
17.0, 0.99%,65.7%,"18,450.01%",https://www.signalstart.com/analysis/fx-fresh-life/52112, 34.20%,FX fresh life,"18,442.7",$45, 3.01,80,274,Real, 75%
8.72, 1.70%,60.7%,"8,205.44%",https://www.signalstart.com/analysis/fx-know-how/89353, 65.65%,FX KNOW HOW,"47,563.5",$75, 2.27,-,480,Real, 69%
1.16, 14.00%,14.6%,"9,706.68%",https://www.signalstart.com/analysis/scorpionz/129379, 4616.29%,ScorpionZ,"11,299",$45, 0,-,214,Real, 100%
13.0, 1.00%,68.4%,"6,256.19%",https://www.signalstart.com/analysis/positive-green-beast/101099, 34.74%,Positive Green Beast,"4,418.7",$35, 5.08,430,179,Real, 84%
2.82, 5.58%,64%,"10,009.86%",https://www.signalstart.com/analysis/daily-trader-bbma/111928, 403.25%,Daily Trader with BBMA,"15,296",$250, 9.64,-,709,Real, 87%
23.0, 0.60%,85.3%,"7,599.43%",https://www.signalstart.com/analysis/af-global-expert-i/40980, 19.79%,AF Global Expert I,"14,421.7",$200, 1.64,314,34462,Real, 79%
21.0, 0.66%,98.7%,"7,338.92%",https://www.signalstart.com/analysis/forex-cracker/61783, 21.94%,Forex Cracker,"22,009",$30, 7.84,244,221,Real, 93%
29.0, 0.52%,96.7%,"10,168.59%",https://www.signalstart.com/analysis/moon-reaper/58070, 16.90%,Moon Reaper,"13,673.1",$40, 3.07,287,653,Real, 75%
38.0, 0.42%,84%,"14,290.51%",https://www.signalstart.com/analysis/alzaruda01/51873, 13.53%,ALzaruda01,"10,146",$30, 17.57,301,534,Real, 94%
3.66, 3.46%,46.2%,"4,100.32%",https://www.signalstart.com/analysis/alexandra-legacy/123226, 175.37%,Alexandra Legacy,"1,280.8",$50, 33.85,-,95,Real, 95%
6.85, 2.61%,74.9%,"20,171.19%",https://www.signalstart.com/analysis/sam/125361, 116.18%,Sam,"-1,913.4",$110, 3.64,-,2321,Real, 57%
58.0, 0.23%,54.7%,"5,430.85%",https://www.signalstart.com/analysis/blackwave-australia/784, 6.99%,Blackwave Australia,"41,223.9",$30, 3.39,281,1695,Real, 79%
37.0, 0.36%,66.6%,"5,738.09%",https://www.signalstart.com/analysis/gegatrade-pro/25238, 11.44%,Gegatrade Pro,"11,521.3",$75, 2.4,242,23856,Real, 69%
44.0, 0.30%,36.9%,"5,496.66%",https://www.signalstart.com/analysis/sapphire/57131, 9.27%,Sapphire,"35,425.2",$59, 2.62,263,4694,Real, 75%
2.3, 5.93%,28%,"5,229.05%",https://www.signalstart.com/analysis/newfuture/123254, 453.59%,NewFuture,"1,501.4",$50, 79.79,-,117,Real, 98%
20.0, 0.59%,51.7%,"3,815.97%",https://www.signalstart.com/analysis/grandcapital/54281, 19.29%,GrandCapital,"2,449.1",$59, 2.24,148,389,Real, 89%
48.79, 0.25%,50.8%,"3,721.63%",https://www.signalstart.com/analysis/jubilant/58008, 7.64%,Jubilant,"37,176.5",$59, 4.43,227,3852,Real, 81%
1.82, 5.53%,93%,"1,832.47%",https://www.signalstart.com/analysis/ddpips-forex-automated/113447, 392.84%,DDPIPS Forex Automated,"1,842.2",$30, 13.41,-,179,Real, 85%
20.0, 0.48%,13.9%,"1,836.73%",https://www.signalstart.com/analysis/white-suit/134090, 15.27%,White Suit,"33,000.9",$80, 5.22,29,1683,Real, 83%
39.0, 0.25%,55%,"1,859.1%",https://www.signalstart.com/analysis/fxbeacon/61576, 7.68%,fxbeacon,"37,235.3",$69, 3.16,277,5508,Real, 77%
42.0, 0.23%,45.5%,"1,880.57%",https://www.signalstart.com/analysis/fxwolf/58005, 7.15%,FxWolf,"48,292.7",$69, 3.78,243,5586,Real, 76%
12.52, 0.84%,56.2%,"2,327.01%",https://www.signalstart.com/analysis/medallion/66186, 28.49%,Medallion,"2,062.2",$59, 1.22,421,255,Real, 85%
21.0, 0.46%,36.9%,"2,057.16%",https://www.signalstart.com/analysis/knockout-fx/87848, 14.89%,Knockout Fx,"12,939.7",$59, 9.39,22,481,Real, 88%
57.0, 0.18%,73.6%,"2,381.74%",https://www.signalstart.com/analysis/nightscalper-darwinex/1546, 5.69%,NightScalper Darwinex,"11,794.8",$65, 1.26,309,5628,Real, 72%
1.13, 9.27%,37.1%,"1,937.54%",https://www.signalstart.com/analysis/forex-stable-profits-low-dd/125851, 1254.58%,Forex Stable Profits Low DD,"53,931.3",$50, 2.03,-,562,Real, 77%
7.43, 1.13%,67.1%,"1,135.65%",https://www.signalstart.com/analysis/forexsystem/101862, 40.10%,ForexSystem,"1,011.5",$59, 0.84,-,201,Real, 80%
13.0, 0.64%,68.5%,"1,145.35%",https://www.signalstart.com/analysis/oneuptrade/60969, 21.01%,OneUpTrade,"60,142.8",$59, 3.39,400,174,Real, 90%
27.0, 0.30%,92.9%,"1,167.35%",https://www.signalstart.com/analysis/axileader/59142, 9.53%,axileader,"1,784,418.9",$59, 1.52,414,3638,Real, 71%
75.0, 0.11%,33.3%,"1,189.6%",https://www.signalstart.com/analysis/shikari/1733, 3.42%,Shikari,"13,450.6",$35, 1.67,241,4095,Real, 68%
4.82, 1.79%,77.9%,"1,218.06%",https://www.signalstart.com/analysis/bittersoet-ea/119999, 70.06%,Bittersoet EA,607.7,$75, 121.93,-,25,Real, 88%
7.46, 1.17%,76.7%,"1,244.96%",https://www.signalstart.com/analysis/mercury-usdjpy-nonf-rx/65890, 41.48%,Mercury USDJPY NONF RX,255.8,$75, 1.6,-,138,Real, 80%
8.89, 0.98%,57.3%,"1,261.15%",https://www.signalstart.com/analysis/mercury-usdjpy-rx/64473, 33.99%,Mercury USDJPY RX,257.5,$75, 1.71,53,142,Real, 77%
7.89, 1.13%,34.2%,"1,339.99%",https://www.signalstart.com/analysis/limerence-ea-suite-3/93679, 40.02%,Limerence EA Suite 3,274.2,$75, 47.94,-,10,Real, 80%
14.0, 0.51%,80.7%,851.18%,https://www.signalstart.com/analysis/moneybox/63130, 16.37%,MoneyBox,499.4,$60, 1.29,431,194,Real, 88%
38.0, 0.19%,5.8%,824.03%,https://www.signalstart.com/analysis/wealthy-monk/129792, 5.82%,Wealthy Monk,"20,679.9",$200, 2.34,86,2981,Real, 86%
25.0, 0.30%,52.9%,861.32%,https://www.signalstart.com/analysis/pandora-fx-2/38878, 9.32%,Pandora FX 2,"1,747.5",$89, 1.7,174,7996,Real, 72%
7.89, 0.94%,34.6%,813.37%,https://www.signalstart.com/analysis/limerence-ea-suite-2/79210, 32.20%,Limerence EA Suite 2,194.6,$75, 36.53,155,13,Real, 85%
12.59, 0.60%,47.5%,871.7%,https://www.signalstart.com/analysis/limerence-ea/62668, 19.46%,Limerence EA,"4,410.8",$75, 7.84,331,184,Real, 84%
7.89, 0.92%,75.1%,786.08%,https://www.signalstart.com/analysis/fxplus/64576, 31.70%,FxPlus,"5,522.2",$500, 2.04,25,1147,Real, 63%
26.0, 0.28%,62.8%,871.77%,https://www.signalstart.com/analysis/profittrading/52100, 8.77%,Profittrading,"21,876.9",$30, 1.64,389,1981,Real, 83%
25.0, 0.31%,52.4%,952.96%,https://www.signalstart.com/analysis/guddinifast/58369, 9.73%,GuddiniFast,"-8,778",$30, 1.42,382,5201,Real, 71%
3.79, 2.05%,34.2%,907.6%,https://www.signalstart.com/analysis/gain-pips/99419, 82.98%,Gain Pips,"7,230.1",$75, 5.02,-,1566,Real, 86%
39.0, 0.19%,42.6%,900.98%,https://www.signalstart.com/analysis/shadow/57126, 5.91%,Shadow,"29,788.5",$59, 2.42,344,4743,Real, 75%
29.0, 0.22%,69.2%,589.38%,https://www.signalstart.com/analysis/oscillation-is-king/32290, 6.70%,The oscillation is king,"95,308.2",$172, 12.07,66,715,Real, 75%
7.92, 0.82%,26.4%,591.38%,https://www.signalstart.com/analysis/compressor/77761, 27.51%,Compressor,"-541,448.1",$50, 2.76,226,686,Real, 75%
44.0, 0.15%,35.4%,634.74%,https://www.signalstart.com/analysis/foxx24live/126005, 4.55%,FOXX24live,"1,657.4",$30, 1.44,289,4699,Real, 61%
13.0, 0.49%,44.1%,655.39%,https://www.signalstart.com/analysis/black-dragon/61150, 15.88%,Black Dragon,478.3,$50, 22.05,130,202,Real, 75%
77.0, 0.09%,37.6%,657.26%,https://www.signalstart.com/analysis/forexrealprofitea-eu-gu/128427, 2.61%,ForexRealProfitEA EU GU,"3,195.6",$40, 1.36,264,936,Real, 58%
65.0, 0.10%,51%,618.34%,https://www.signalstart.com/analysis/alphadaywalker/30478, 3.02%,AlphaDayWalker,"47,688.5",$45, 1.29,397,12323,Real, 78%
1.75, 3.81%,71.9%,627.1%,https://www.signalstart.com/analysis/pr0fitable/118802, 202.92%,Pr0fitable,-21.2,$36, 1.27,-,78,Real, 81%
23.0, 0.27%,15.4%,606.2%,https://www.signalstart.com/analysis/black-opal/134069, 8.44%,The Black Opal,"24,159.9",$150, 5.31,49,1213,Real, 83%
16.0, 0.34%,91.3%,442.29%,https://www.signalstart.com/analysis/f2k-thailand/86882, 10.80%,F2K Thailand,"12,287.5",$30, 2.1,204,2009,Real, 77%
83.0, 0.07%,27.3%,438.41%,https://www.signalstart.com/analysis/forexrealprofitea-eu/128798, 2.00%,ForexRealProfitEA EU,"13,249.1",$30, 1.17,225,7405,Real, 65%
35.0, 0.16%,16%,443.82%,https://www.signalstart.com/analysis/nightwalker-nyc-scalper/39884, 4.89%,NightWalker and NYC Scalper,"5,854.6",$50, 1.33,292,4334,Real, 73%
1.82, 3.14%,49.4%,446.31%,https://www.signalstart.com/analysis/bears/118718, 149.56%,Bears,331.3,$30, 2.6,-,30,Real, 57%
2.59, 2.20%,82.4%,446.44%,https://www.signalstart.com/analysis/broker-breaker-mm/130478, 91.05%,Broker Breaker MM,"3,321.1",$75, 1.8,-,1326,Real, 78%
7.56, 0.73%,68%,424.05%,https://www.signalstart.com/analysis/af-big-player-10k/65497, 24.39%,AF BIG Player 10K,"6,564.4",$300, 1.76,349,11545,Real, 80%
26.0, 0.19%,21.6%,374.12%,https://www.signalstart.com/analysis/navic/78202, 5.91%,NavIC,"32,904.1",$69, 4.01,221,3442,Real, 80%
3.23, 1.62%,24.6%,376.44%,https://www.signalstart.com/analysis/aztec-empire/112460, 61.51%,Aztec Empire,"1,912.9",$50, 3.49,-,238,Real, 84%
9.23, 0.53%,70.8%,327.34%,https://www.signalstart.com/analysis/trading4life-4mr/68815, 16.99%,Trading4Life 4MR,"5,202.5",$30, 1.65,294,3288,Real, 71%
13.0, 0.35%,40.7%,333.21%,https://www.signalstart.com/analysis/scalp-bb-real/61970, 11.05%,scalp bb real,471,$40, 1.53,401,226,Real, 76%
27.0, 0.18%,25.8%,352.27%,https://www.signalstart.com/analysis/zenith/78104, 5.53%,Zenith,"30,523.3",$69, 4.89,182,3044,Real, 80%
1.03, 4.93%,83.7%,344.26%,https://www.signalstart.com/analysis/tradeforlive/122519, 310.09%,TradeforLive,"1,970.9",$220, 1.7,-,171,Real, 74%
42.0, 0.12%,19.8%,363.14%,https://www.signalstart.com/analysis/icm-nighttrade/52735, 3.66%,ICM NightTrade,"7,783.2",$50, 1.55,113,1733,Real, 79%
15.0, 0.33%,56.2%,353.85%,https://www.signalstart.com/analysis/eurusd-semi-scalping/132620, 10.45%,EURUSD Semi Scalping,"12,743.9",$30, 2.38,92,1621,Real, 77%
19.0, 0.26%,80.9%,367.21%,https://www.signalstart.com/analysis/ilovenina/50673, 8.03%,IloveNINA,"7,960.8",$30, 1.6,191,429,Real, 93%
28.0, 0.18%,59.1%,356.15%,https://www.signalstart.com/analysis/honey-money/32870, 5.39%,Honey Money,"2,629.9",$40, 1.33,412,2071,Real, 70%
1.39, 3.27%,44.8%,287%,https://www.signalstart.com/analysis/dream-team/116821, 158.76%,Dream Team,"4,946.7",$45," 22,980.5",-,175,Real, 99%
2.1, 2.19%,50.6%,290.64%,https://www.signalstart.com/analysis/1k-journey/131157, 89.97%,1k Journey,"2,868.3",$100, 1.6,-,261,Real, 59%
3.36, 1.37%,31.9%,297.15%,https://www.signalstart.com/analysis/exponential/109310, 50.20%,Exponential,"7,113.9",$100, 4.8,-,241,Real, 87%
7.85, 0.58%,86.6%,289.75%,https://www.signalstart.com/analysis/happy-monday/81667, 18.82%,Happy Monday,"3,286",$49, 0,94,236,Real, 100%
1.49, 2.74%,90.6%,237.42%,https://www.signalstart.com/analysis/big-short/125697, 122.18%,Big short,99.7,$30, 1.52,-,248,Real, 79%
11.89, 0.35%,27.1%,245.28%,https://www.signalstart.com/analysis/think-fx/86553, 10.95%,Think FX,976.3,$35, 1.23,372,666,Real, 67%
15.0, 0.29%,35.4%,287.27%,https://www.signalstart.com/analysis/true-range/57358, 9.18%,True Range,"6,551.7",$39, 2.42,192,701,Real, 79%
27.0, 0.16%,79.2%,289%,https://www.signalstart.com/analysis/cedars-investment-1/34159, 5.03%,Cedars Investment 1,"382,202.8",$30, 1.59,325,1009,Real, 65%
33.0, 0.12%,24.3%,232.42%,https://www.signalstart.com/analysis/newstrader-auto-3/28413, 3.57%,Newstrader Auto 3,"1,594.8",$30, 1.3,150,1209,Real, 70%
3.59, 1.29%,61.3%,299.08%,https://www.signalstart.com/analysis/mercury-gbpusd-r5/107063, 46.52%,MERCURY GBPUSD R5,112.2,$75, 1.35,-,30,Real, 80%
14.0, 0.29%,40.8%,245.84%,https://www.signalstart.com/analysis/surefire-destiny-fx/121084, 9.09%,SureFire Destiny FX,"33,257.7",$30, 11.51,46,442,Real, 95%
2.49, 1.46%,33.7%,195.82%,https://www.signalstart.com/analysis/oil-field/113370, 53.70%,Oil Field,"-3,683.5",$30, 1.91,-,361,Real, 78%
9.03, 0.46%,57.1%,249.35%,https://www.signalstart.com/analysis/mercury-pmc-rx/63110, 14.81%,Mercury PMC RX,712.9,$75, 1.2,419,557,Real, 70%
62.0, 0.07%,78%,250.14%,https://www.signalstart.com/analysis/iq-moderate/22349, 2.00%,IQ Moderate,"2,510.6",$30, 39.62,293,713,Real, 94%
14.0, 0.23%,90.5%,180.23%,https://www.signalstart.com/analysis/growth/57573, 7.13%,Growth,"4,233.2",$43, 1.69,385,489,Real, 70%
50.0, 0.09%,52.2%,285.34%,https://www.signalstart.com/analysis/dominator/9292, 2.65%,Dominator,"9,033.2",$66, 1.41,399,5006,Real, 76%
83.0, 0.05%,22.3%,249.91%,https://www.signalstart.com/analysis/ea-happy-martigrid/3022, 1.49%,EA Happy MartiGrid,"8,476.2",$30, 1.76,223,3156,Real, 76%
10.23, 0.34%,32.1%,179.55%,https://www.signalstart.com/analysis/big-bang-super/63450, 10.54%,Big Bang Super,-803.6,$49, 1.68,255,1487,Real, 66%
10.72, 0.31%,15.7%,174.87%,https://www.signalstart.com/analysis/stormcatch/63083, 9.86%,Stormcatch,"4,381,845.3",$75, 2.33,77,1139,Real, 69%
2.03, 1.67%,31.9%,174.23%,https://www.signalstart.com/analysis/eurusd-audusd/122988, 63.31%,EurUsd AudUsd,"1,259",$59, 3.42,-,95,Real, 69%
33.0, 0.10%,19.6%,174.98%,https://www.signalstart.com/analysis/1000020208/59356, 3.04%,1000020208,"18,741.3",$30, 1.89,63,2918,Real, 78%
19.0, 0.18%,38%,180.45%,https://www.signalstart.com/analysis/automated-forex-uk/84971, 5.42%,Automated Forex UK,"3,719.4",$30, 1.59,250,2938,Real, 61%
1.85, 1.85%,99.9%,179.23%,https://www.signalstart.com/analysis/coronafx/127615, 72.17%,CoronaFX,567.6,$39, 1.25,-,747,Real, 61%
15.0, 0.21%,40.8%,166.85%,https://www.signalstart.com/analysis/platypus/84663, 6.59%,Platypus,"6,585.1",$40, 1.4,229,2588,Real, 61%
8.56, 0.41%,16%,184.1%,https://www.signalstart.com/analysis/malibran-fx/116730, 12.92%,Malibran FX,"-1,063.5",$40, 1.27,167,1853,Real, 61%
2.3, 1.53%,48.3%,184.6%,https://www.signalstart.com/analysis/starx/106496, 56.86%,StarX,"3,929.3",$33, 2.88,-,2478,Real, 79%
32.0, 0.10%,18.9%,161.55%,https://www.signalstart.com/analysis/1000025562/51652, 2.96%,1000025562,"28,101.7",$39, 2.01,76,3643,Real, 78%
1.75, 1.80%,39.2%,157.93%,https://www.signalstart.com/analysis/covid/114756, 69.78%,Covid,"-3,061.7",$35, 1.88,-,534,Real, 78%
6.72, 0.51%,88.3%,180.93%,https://www.signalstart.com/analysis/tendencyforex/87365, 16.52%,TendencyForex,"8,936.8",$88, 1.14,347,1597,Real, 62%
42.0, 0.07%,27.5%,163.03%,https://www.signalstart.com/analysis/feelgood/33287, 2.26%,FeelGood,"2,264.9",$30, 1.17,200,819,Real, 65%
7.46, 0.43%,47.3%,163.23%,https://www.signalstart.com/analysis/activetrader-pro-low-risk/65357, 13.79%,ActiveTrader Pro Low Risk,"1,997.1",$150, 1.79,246,5926,Real, 80%
0.19, 20.56%,30%,154.74%,https://www.signalstart.com/analysis/auto-trader/134097, 154.74%,auto trader,"2,867",$100, 1.95,-,38,Real, 87%
47.0, 0.08%,23.1%,199.39%,https://www.signalstart.com/analysis/blackwave-california/15323, 2.33%,Blackwave California,"46,227",$30, 3.84,213,1149,Real, 78%
1.13, 3.16%,95.4%,187.8%,https://www.signalstart.com/analysis/icarus-capital/119803, 149.39%,Icarus Capital,"18,621",$500, 1.24,-,1406,Real, 50%
30.0, 0.11%,38.3%,192.99%,https://www.signalstart.com/analysis/belkaglazer-s/63551, 3.50%,Belkaglazer S,719.5,$30, 1.33,333,387,Real, 74%
55.0, 0.07%,32.4%,202.34%,https://www.signalstart.com/analysis/monkeybusiness/44461, 2.00%,MonkeyBusiness,"17,546",$99, 1.55,275,6974,Real, 81%
2.33, 1.60%,50.4%,203.99%,https://www.signalstart.com/analysis/uncle-gold-bug/116968, 60.28%,uncle gold bug,"449,181.5",$59, 6.3,-,861,Real, 96%
16.0, 0.23%,93.9%,206.84%,https://www.signalstart.com/analysis/lion/61681, 6.99%,Lion,685.6,$59, 1,434,345,Real, 88%
0.15, 26.40%,3.3%,155.27%,https://www.signalstart.com/analysis/private-forex-firm/131843, 155.27%,Private Forex Firm,"22,882",$99, 8.9,-,77,Real, 95%
14.0, 0.19%,50%,130.82%,https://www.signalstart.com/analysis/tradingauditado-adsunmode3/64658, 5.81%,TRADINGAUDITADO ADSUNMODE3,"1,109.7",$99, 1.34,316,269,Real, 85%
8.59, 0.33%,39.2%,132.64%,https://www.signalstart.com/analysis/follow-my-signal/93910, 10.29%,Follow My Signal,"1,250,714.7",$50, 1.51,253,967,Real, 66%
14.0, 0.19%,40.8%,135.65%,https://www.signalstart.com/analysis/quick-pips/77306, 5.95%,Quick Pips,"6,430.7",$75, 1.62,186,2424,Real, 61%
68.0, 0.04%,90.1%,141.58%,https://www.signalstart.com/analysis/xin/59096, 1.28%,XIN,"1,469",$300, 0.95,-,200,Real, 82%
17.0, 0.17%,27.6%,142.94%,https://www.signalstart.com/analysis/grumpy/66411, 5.07%,Grumpy,"-4,266.8",$33, 1.62,111,8989,Real, 73%
18.0, 0.15%,100%,133.46%,https://www.signalstart.com/analysis/swiss-made/56992, 4.61%,SWISS MADE,"5,347.8",$39, 4.42,298,161,Real, 71%
39.0, 0.07%,51.6%,135.53%,https://www.signalstart.com/analysis/oanda-v20-trading-ira/21613, 2.16%,Oanda V20 Trading IRA,"2,661.8",$30, 2.2,231,916,Real, 80%
17.0, 0.17%,75.3%,137.71%,https://www.signalstart.com/analysis/sp-ts2/51097, 5.08%,SP TS2,"22,489.8",$40, 1.43,326,1112,Real, 63%
36.33, 0.07%,13.7%,110.7%,https://www.signalstart.com/analysis/momentum-capture/30297, 2.04%,Momentum Capture,"16,653.7",$50, 1.4,173,2445,Real, 55%
4.43, 0.55%,30.3%,107.63%,https://www.signalstart.com/analysis/bdswiss-group-pamm/101407, 17.81%,BDSWISS GROUP PAMM,"1,387.2",$300, 2.03,37,1938,Real, 71%
15.0, 0.16%,93.9%,111.38%,https://www.signalstart.com/analysis/breakout-portfolio/98019, 4.96%,breakout portfolio,"31,284",$35, 1.16,392,870,Real, 46%
1.26, 1.98%,59.5%,110.59%,https://www.signalstart.com/analysis/safe-multicurrency/122337, 78.12%,Safe Multicurrency,363.4,$70, 1.59,-,491,Real, 71%
17.0, 0.14%,37.4%,111.84%,https://www.signalstart.com/analysis/tempest/128588, 4.39%,Tempest,"7,607.4",$50, 1.64,58,558,Real, 76%
7.92, 0.32%,90.2%,114.14%,https://www.signalstart.com/analysis/avatarzfx-trades/64424, 10.04%,AvatarzFx Trades,"18,779.2",$34, 2.54,278,1817,Real, 75%
39.0, 0.06%,18.5%,114.88%,https://www.signalstart.com/analysis/zamako/27456, 1.95%,Zamako,"29,714.6",$75, 1.39,362,1315,Real, 70%
14.0, 0.18%,30.6%,116.52%,https://www.signalstart.com/analysis/millionaire-euraud/63389, 5.53%,Millionaire EURAUD,904.3,$35, 1.14,357,676,Real, 70%
7.16, 0.36%,61.5%,114.45%,https://www.signalstart.com/analysis/fxyashwinstore-magic-trade/65781, 11.19%,Fxyashwinstore MAGIC TRADE,"3,977.4",$34, 2.68,35,381,Real, 55%
4.75, 0.47%,26.6%,94.35%,https://www.signalstart.com/analysis/forex-ninja-levels/110038, 14.88%,Forex Ninja Levels,"4,727.1",$49, 1.82,55,1233,Real, 77%
7.23, 0.30%,93.3%,93%,https://www.signalstart.com/analysis/pasol-streading/85209, 9.48%,Pasol Streading,147.7,$50, 1.03,428,146,Real, 64%
2.07, 1.10%,37.2%,97.55%,https://www.signalstart.com/analysis/hf-signal-02/115519, 38.50%,HF Signal 02,"7,337.2",$35, 6.24,23,41,Real, 80%
10.66, 0.21%,49.3%,97.62%,https://www.signalstart.com/analysis/gbpavengercross/70026, 6.58%,GBPAvengerCROSS,"2,300.7",$45, 1.08,393,1168,Real, 68%
29.0, 0.07%,76.8%,94.46%,https://www.signalstart.com/analysis/spiderman/66417, 2.22%,SpiderMan,"-285,299.9",$75, 1.54,402,301,Real, 75%
40.0, 0.05%,48%,94.48%,https://www.signalstart.com/analysis/capitary-3/32195, 1.64%,Capitary 3,"1,735.6",$35, 1.09,407,911,Real, 65%
6.52, 0.34%,21%,94.21%,https://www.signalstart.com/analysis/moonlight/115078, 10.65%,Moonlight,"1,262.3",$39, 1.82,79,474,Real, 84%
10.69, 0.21%,9%,97.62%,https://www.signalstart.com/analysis/lifehua20190620/118123, 6.56%,LifeHua20190620,"10,844.2",$30, 3.02,21,144,Real, 60%
38.0, 0.05%,42.3%,77.79%,https://www.signalstart.com/analysis/mercy/20384, 1.47%,Mercy,"2,510.8",$500, 1.05,288,1595,Real, 54%
32.0, 0.06%,15.8%,80.74%,https://www.signalstart.com/analysis/topo-eur/25568, 1.82%,Topo EUR,"1,080.4",$30, 2.01,136,451,Real, 85%
4.36, 0.45%,71.6%,81.1%,https://www.signalstart.com/analysis/rtm-robotics-c1-mediumrisk/85132, 14.49%,RTM robotics C1 MediumRisk,806.6,$130, 1.1,278,256,Real, 53%
40.0, 0.05%,14.6%,77.52%,https://www.signalstart.com/analysis/purrfection/31374, 1.39%,Purrfection,"1,989.6",$49, 1.06,340,961,Real, 66%
59.0, 0.03%,27.8%,78.17%,https://www.signalstart.com/analysis/spear-destiny/30136, 0.96%,Spear of Destiny,"-3,384.2",$30, 1.05,257,990,Real, 47%
39.0, 0.05%,10.1%,80.14%,https://www.signalstart.com/analysis/belkaglazer-icmarkets/29083, 1.47%,Belkaglazer ICMarkets,"-8,253",$30, 1.09,273,2204,Real, 61%
10.52, 0.19%,27.6%,80.62%,https://www.signalstart.com/analysis/trigger-capital/61920, 5.76%,Trigger Capital,"34,598",$100, 1.97,115,581,Real, 67%
2.2, 0.89%,30%,79.98%,https://www.signalstart.com/analysis/copiforex/116310, 30.25%,Copiforex,"19,833.6",$65, 5.03,32,157,Real, 87%
0.78, 2.36%,14.2%,71.11%,https://www.signalstart.com/analysis/alexandra-icm/123898, 71.11%,Alexandra Icm,"1,076.9",$50, 4.91,-,75,Real, 88%
4.85, 0.36%,30.7%,70.15%,https://www.signalstart.com/analysis/weekend-system/133782, 11.48%,Weekend system,890.9,$30, 1.22,149,224,Real, 71%
1.36, 1.30%,46.2%,69.83%,https://www.signalstart.com/analysis/goldie-master/116541, 46.37%,Goldie Master,"45,576.6",$30, 47.42,-,101,Real, 94%
5.95, 0.30%,12.8%,70.23%,https://www.signalstart.com/analysis/high-return-signal/99209, 9.29%,High Return Signal,"4,476.8",$30, 1.03,297,540,Real, 40%
19.0, 0.09%,35.5%,70.57%,https://www.signalstart.com/analysis/smart-movements/74317, 2.74%,Smart movements,"3,420.1",$65, 5.05,197,451,Real, 79%
30.0, 0.06%,16.5%,71.31%,https://www.signalstart.com/analysis/ciccio-eur/30775, 1.76%,Ciccio EUR,"1,361.7",$30, 1.39,178,673,Real, 77%
3.03, 0.60%,72.9%,71.9%,https://www.signalstart.com/analysis/af-gold-hunter-pro/101022, 19.39%,AF Gold Hunter Pro,"-105,108.2",$99, 1.95,360,1807,Real, 85%
35.0, 0.04%,48.5%,60.17%,https://www.signalstart.com/analysis/sureprofit002/20744, 1.33%,SureProfit002,"-5,178.3",$35, 2.07,398,111,Real, 95%
40.0, 0.04%,32.7%,71.91%,https://www.signalstart.com/analysis/capitary-1/32194, 1.33%,Capitary 1,"-1,052.5",$40, 1.26,375,219,Real, 56%
9.07, 0.17%,40.7%,60.32%,https://www.signalstart.com/analysis/night-shift-ea/79301, 5.33%,Night Shift EA,"5,000.7",$49, 1.11,369,3767,Real, 80%
0.35, 4.86%,0.1%,60.71%,https://www.signalstart.com/analysis/activetrader-int-pro-plus/133502, 60.71%,ActiveTrader Int Pro Plus,"20,301.7",$200, 63.4,-,301,Real, 93%
1.1, 1.46%,8.6%,61.08%,https://www.signalstart.com/analysis/af-investing-pro-final/122603, 52.85%,AF Investing Pro Final,"30,264.1",$250, 5.56,-,1063,Real, 84%
0.48, 3.06%,20.2%,52.57%,https://www.signalstart.com/analysis/orca-ii/130751, 52.57%,Orca II,"1,966.2",$30, 3.09,-,59,Real, 80%
10.2, 0.14%,12.8%,52.37%,https://www.signalstart.com/analysis/pure-deal/108792, 4.21%,Pure Deal,"1,423.7",$30, 1.34,159,531,Real, 68%
13.0, 0.12%,51.6%,60.75%,https://www.signalstart.com/analysis/ata-signals/56350, 3.53%,ATA signals,"29,548.3",$35, 1.69,330,730,Real, 71%
10.43, 0.15%,96.5%,62.3%,https://www.signalstart.com/analysis/happy-trader/60645, 4.74%,The Happy Trader,"16,579.8",$30, 189.5,371,73,Real, 96%
22.0, 0.07%,49%,62.5%,https://www.signalstart.com/analysis/capitary-13/35232, 2.12%,Capitary 13,-633.9,$35, 1.19,409,952,Real, 63%
16.0, 0.08%,81.9%,51.35%,https://www.signalstart.com/analysis/bullfx/55479, 2.57%,BullFx,"6,737.5",$75, 1.83,352,5676,Real, 82%
0.48, 2.98%,4.5%,50.75%,https://www.signalstart.com/analysis/linlit-ea/130905, 50.75%,LinLit EA,460,$30, 5.14,-,9,Real, 78%
6.62, 0.25%,32.3%,62.77%,https://www.signalstart.com/analysis/filou/80946, 7.59%,Filou,"10,568.5",$165, 1.79,180,2082,Real, 75%
22.0, 0.06%,62.3%,51.54%,https://www.signalstart.com/analysis/fc19lu/63190, 1.88%,Fc19lu,-534.4,$45, 1.96,214,471,Real, 83%
1.43, 0.99%,24.7%,52.83%,https://www.signalstart.com/analysis/prospect-infinity/122148, 33.80%,PROSPECT INFINITY,195.9,$79, 1.18,85,641,Real, 66%
9.07, 0.16%,21.4%,53.2%,https://www.signalstart.com/analysis/safe-trades/64101, 4.80%,Safe Trades,"2,715.5",$30, 1.29,239,547,Real, 70%
16.0, 0.09%,12.2%,53.21%,https://www.signalstart.com/analysis/scr-euraud/63535, 2.65%,SCR EURAUD,"-1,681.9",$30, 1.66,167,356,Real, 68%
41.0, 0.03%,11%,54.31%,https://www.signalstart.com/analysis/belkaglazerea/31094, 1.03%,BelkaglazerEA,"2,732.6",$30, 1.13,212,1684,Real, 60%
12.2, 0.12%,14%,54.53%,https://www.signalstart.com/analysis/smart-trading-france/64891, 3.58%,Smart Trading France,"3,646.9",$50, 2.52,133,420,Real, 72%
20.0, 0.06%,30%,45.06%,https://www.signalstart.com/analysis/eurusdhourlyrobot/37404, 1.80%,EURUSDHourlyRobot,"84,618.7",$50, 1.31,210,1749,Real, 59%
4.23, 0.29%,33.2%,44.55%,https://www.signalstart.com/analysis/forex-cash-flow/92566, 9.04%,FOREX CASH FLOW,"3,333.8",$30, 0,52,349,Real, 100%
61.0, 0.02%,37.5%,45.85%,https://www.signalstart.com/analysis/long-player/61732, 0.61%,Long Player,"-1,269.9",$75, 1.36,302,1294,Real, 69%
7.39, 0.19%,29.7%,53.87%,https://www.signalstart.com/analysis/m7-low-risk/125417, 5.98%,M7 Low Risk,105.4,$30, 2.3,248,1110,Real, 66%
2.52, 0.50%,51.8%,46.25%,https://www.signalstart.com/analysis/vip-2020/114245, 16.03%,VIP 2020,"21,935",$75, 2.29,185,1108,Real, 80%
6.23, 0.20%,7.5%,45.52%,https://www.signalstart.com/analysis/morgan-park-mini/132333, 6.18%,MORGAN PARK MINI,"4,842.6",$30, 3.25,101,457,Real, 76%
10.2, 0.12%,76.9%,44.08%,https://www.signalstart.com/analysis/sancho19/65256, 3.64%,Sancho19,"-47,368.6",$30, 1.18,377,4393,Real, 49%
8.82, 0.14%,27.8%,44.37%,https://www.signalstart.com/analysis/bushmills-reborn/64413, 4.23%,Bushmills Reborn,"6,456",$45, 2.27,259,971,Real, 93%
3.2, 0.39%,60.9%,46%,https://www.signalstart.com/analysis/blue-dragon-hf/97186, 12.46%,Blue Dragon HF,126.9,$36, 0.93,279,502,Real, 70%
9.56, 0.14%,20.2%,47.43%,https://www.signalstart.com/analysis/river/63568, 4.13%,River,"32,384.1",$39, 1.2,233,1057,Real, 84%
12.02, 0.11%,27%,48.13%,https://www.signalstart.com/analysis/fbm-prom/112096, 3.28%,FBM ProM,"10,225.5",$69, 1.19,312,861,Real, 87%
1.3, 1.00%,58.1%,47.48%,https://www.signalstart.com/analysis/gold-field/132781, 34.12%,Gold Field,"-2,645",$130, 1.69,176,95,Real, 74%
0.87, 1.51%,39.5%,47.63%,https://www.signalstart.com/analysis/ak47boomz/122554, 47.63%,AK47BOOMZ,"-1,492.2",$30, 1.91,-,958,Real, 68%
26.0, 0.05%,17.3%,48%,https://www.signalstart.com/analysis/mb-invest/38877, 1.47%,MB invest,"1,140.1",$59, 1.7,161,355,Real, 80%
1.82, 0.60%,10.7%,39.07%,https://www.signalstart.com/analysis/mtc-invest-copy/115386, 19.43%,MTC Invest Copy,"1,872.9",$250, 5.48,38,122,Real, 89%
9.92, 0.11%,22.7%,40.19%,https://www.signalstart.com/analysis/fxt-forex-signals-x2/91054, 3.45%,FXT FOREX SIGNALS X2,263.1,$30, 2.87,89,60,Real, 65%
7.33, 0.15%,39.2%,38.63%,https://www.signalstart.com/analysis/fx-md/112439, 4.54%,Fx MD,562.7,$100, 1.11,232,759,Real, 70%
9.92, 0.11%,5.1%,39.02%,https://www.signalstart.com/analysis/indices-trader/107189, 3.36%,Indices Trader,"12,176",$59, 1.86,97,106,Real, 58%
0.78, 1.46%,15.2%,39.5%,https://www.signalstart.com/analysis/pipsboy-premium/131087, 39.50%,PipsBoy Premium,"-23,015.4",$75, 1.56,76,136,Real, 51%
22.0, 0.05%,17.2%,39.98%,https://www.signalstart.com/analysis/turtle-usd/66134, 1.52%,Turtle USD,740,$30, 2.26,142,210,Real, 87%
21.0, 0.05%,43.2%,39.23%,https://www.signalstart.com/analysis/tradingauditado-cdnight/57477, 1.54%,TRADINGAUDITADO CDNIGHT,343.4,$99, 5.17,383,91,Real, 95%
17.0, 0.06%,59.5%,39.95%,https://www.signalstart.com/analysis/crazy-fox/40605, 1.92%,Crazy Fox,682.8,$30, 1.1,405,2360,Real, 71%
5.85, 0.14%,20.6%,27.3%,https://www.signalstart.com/analysis/df-perseus/117626, 4.18%,DF Perseus,"2,611.9",$59, 3,152,109,Real, 80%
12.13, 0.07%,15.1%,27.91%,https://www.signalstart.com/analysis/tradingauditado-adsun15m/61827, 2.05%,TRADINGAUDITADO ADSUN15M,229,$99, 2.04,216,44,Real, 89%
5.13, 0.18%,10.4%,31.5%,https://www.signalstart.com/analysis/fcb/93623, 5.45%,FCB,"1,628.8",$30, 1.57,121,141,Real, 57%
36.95, 0.02%,38.4%,31.54%,https://www.signalstart.com/analysis/basei/110241, 0.73%,BaseI,"2,556.2",$35, 1.21,135,562,Real, 37%
10.2, 0.09%,28.5%,32.05%,https://www.signalstart.com/analysis/sun-pips/61749, 2.76%,Sun Pips,"-13,900.1",$40, 2.09,30,8,Real, 88%
6.89, 0.14%,53.8%,32.37%,https://www.signalstart.com/analysis/dps/92853, 4.13%,DPS,-291.8,$49, 1.19,299,270,Real, 21%
15.0, 0.06%,14.4%,33.22%,https://www.signalstart.com/analysis/gbmh4/51845, 1.88%,GBMH4,293.6,$50, 1.4,151,976,Real, 85%
3.69, 0.18%,5.4%,22.27%,https://www.signalstart.com/analysis/enjoyhhwlife/127006, 5.55%,EnjoyHHWLife,"21,776.3",$499, 1.66,93,1317,Real, 65%
4.13, 0.23%,17.4%,33.24%,https://www.signalstart.com/analysis/sohobot-official/123779, 7.15%,SohoBot official,362.1,$50, 1.17,111,121,Real, 45%
0.38, 1.92%,17.6%,23.23%,https://www.signalstart.com/analysis/tiberium/129169, 23.23%,Tiberium,-221.8,$50, 2.63,126,93,Real, 69%
2.3, 0.29%,11.6%,22.13%,https://www.signalstart.com/analysis/ultimo-scalping/125403, 8.99%,Ultimo scalping,269.6,$60, 2.37,100,128,Real, 56%
6.23, 0.11%,51.2%,22.89%,https://www.signalstart.com/analysis/gbpusd-signals/96150, 3.35%,GBPUSD Signals,"-27,598.2",$30, 1.19,231,485,Real, 69%
4.07, 0.18%,40.5%,23.8%,https://www.signalstart.com/analysis/better-gains/103059, 5.36%,Better Gains,-148.9,$33, 1.06,323,1068,Real, 68%
5.52, 0.12%,22.5%,22.88%,https://www.signalstart.com/analysis/vegafx/84481, 3.78%,VegaFX,-193.1,$30, 1.18,317,199,Real, 19%
2.2, 0.29%,13.6%,21.12%,https://www.signalstart.com/analysis/expert-1/111620, 9.00%,Expert 1,"1,343",$30, 2,122,337,Real, 84%
10.02, 0.07%,63.1%,24.78%,https://www.signalstart.com/analysis/5pourcentparmois/71748, 2.23%,5pourcentparmois,942.7,$33, 1.34,426,148,Real, 90%
4.62, 0.16%,69.3%,24.38%,https://www.signalstart.com/analysis/mercury-euraud-r5/95184, 4.80%,MERCURY EURAUD R5,63.1,$75, 1.12,424,29,Real, 90%
15.0, 0.05%,20.2%,24.42%,https://www.signalstart.com/analysis/uniflex-focus/66039, 1.42%,Uniflex Focus,"3,313.6",$75, 1.05,204,928,Real, 53%
8.07, 0.09%,17.7%,24.42%,https://www.signalstart.com/analysis/briteprofit/115099, 2.74%,BriteProfit,"2,724.1",$30, 1.29,270,51,Real, 69%
28.0, 0.03%,21.3%,24.5%,https://www.signalstart.com/analysis/black-diamond-express/30921, 0.77%,Black Diamond Express,"2,785.6",$75, 1.2,315,1867,Real, 77%
9.39, 0.06%,21.3%,18.32%,https://www.signalstart.com/analysis/factorpro-ai2-master-fxtm/62748, 1.80%,FACTORPRO Ai2 Master FXTM,"6,072.3",$30, 1.19,236,239,Real, 59%
6.75, 0.11%,55.7%,24.2%,https://www.signalstart.com/analysis/real-deal/83200, 3.24%,Real Deal,"24,802.8",$300, 1.1,404,374,Real, 51%
3.49, 0.16%,100%,17.86%,https://www.signalstart.com/analysis/perpetuity888/96535, 4.78%,Perpetuity888,"16,614.7",$30, 0.94,432,936,Real, 77%
15.0, 0.04%,12.9%,18.41%,https://www.signalstart.com/analysis/gbmh3/51844, 1.09%,GBMH3,856.2,$30, 1.42,203,2322,Real, 95%
9.92, 0.06%,22.9%,17.96%,https://www.signalstart.com/analysis/sfe-stealth/65555, 1.67%,SFE STEALTH,"8,269.3",$50, 1.15,363,1200,Real, 73%
11.13, 0.05%,27.3%,17.9%,https://www.signalstart.com/analysis/bg-nighter-pro-1set/65148, 1.49%,BG Nighter Pro 1set,121.9,$47, 1,345,218,Real, 86%
8.95, 0.06%,86%,17.64%,https://www.signalstart.com/analysis/blast/65577, 1.82%,Blast,47.8,$49, 1.33,423,92,Real, 98%
1.52, 0.37%,9.5%,18.38%,https://www.signalstart.com/analysis/blues/130520, 11.45%,Blues,"-4,777.8",$99, 2.96,95,908,Real, 82%
3.95, 0.14%,14.2%,18.43%,https://www.signalstart.com/analysis/stramiforex/114371, 4.33%,StramiForex,"4,406.6",$30, 3.6,103,188,Real, 77%
0.61, 0.94%,4.9%,18.34%,https://www.signalstart.com/analysis/follow-my-gbpcad-trades/126152, 18.34%,Follow My GBPCAD Trades,198.8,$100, 3.73,-,33,Real, 88%
1.72, 0.25%,5.5%,13.91%,https://www.signalstart.com/analysis/trend-follower-2/116569, 7.69%,Trend Follower 2,"2,075.8",$35, 1.52,117,240,Real, 47%
1.72, 0.23%,3.1%,12.8%,https://www.signalstart.com/analysis/razorst/124808, 7.09%,RazorSt,"1,554.2",$50, 2.04,99,59,Real, 63%
7.36, 0.06%,53.8%,13.44%,https://www.signalstart.com/analysis/donquijote/66259, 1.72%,DonQuijote,"-159,674.4",$30, 1.07,353,3992,Real, 37%
2.2, 0.20%,42.4%,13.92%,https://www.signalstart.com/analysis/expert-2/111634, 6.04%,Expert 2,"11,731.5",$30, 3.52,258,231,Real, 86%
8.59, 0.05%,16.1%,14.25%,https://www.signalstart.com/analysis/oriondreams/84152, 1.56%,OrionDreams,"1,293.3",$40, 1.06,283,665,Real, 68%
2.33, 0.19%,8.7%,14.35%,https://www.signalstart.com/analysis/profitalto-mony/106020, 5.85%,Profitalto MONY,482.2,$199, 2.78,114,181,Real, 77%
0.38, 1.23%,16.5%,14.4%,https://www.signalstart.com/analysis/30-plus-percent-roi-monthly/128665, 14.40%,30 PLUS PERCENT ROI Monthly,539.8,$150, 0,71,55,Real, 100%
1.16, 0.38%,32.4%,14.16%,https://www.signalstart.com/analysis/gain/128364, 11.77%,The Gain,458.2,$100, 1.25,252,96,Real, 88%
0.15, 2.29%,2.1%,9.46%,https://www.signalstart.com/analysis/private-gold-firm/132494, 9.46%,Private Gold Firm,"1,419",$99, 5.14,-,16,Real, 88%
1.66, 0.19%,26.3%,9.85%,https://www.signalstart.com/analysis/fbm-prol/112684, 5.71%,FBM ProL,"5,698.1",$125, 2.59,215,231,Real, 79%
3.56, 0.09%,6.1%,10.11%,https://www.signalstart.com/analysis/prolificfx/100518, 2.72%,ProlificFX,"1,044",$30, 1.93,106,73,Real, 70%
6.43, 0.05%,91.4%,9.47%,https://www.signalstart.com/analysis/fxoknarg/66900, 1.41%,FXoknarg,"1,428.8",$30, 0,303,17,Real, 100%
0.25, 1.34%,5.6%,9.79%,https://www.signalstart.com/analysis/bkk-fund-7777777/130464, 9.79%,BKK Fund 7777777,256.3,$59, 0,-,6,Real, 100%
0.35, 0.95%,9.4%,9.96%,https://www.signalstart.com/analysis/aurton-forex/133964, 9.96%,Aurton Forex,466.9,$30, 4.13,-,34,Real, 97%
2.07, 0.16%,10.5%,10.09%,https://www.signalstart.com/analysis/follow-me-168/111256, 4.71%,Follow Me 168,"1,447.1",$85, 1.94,137,137,Real, 80%
2.33, 0.14%,28.9%,10.24%,https://www.signalstart.com/analysis/romanhooliganforcopy/106349, 4.22%,RomanHooliganForCopy,"-4,269.4",$30, 1.12,265,1105,Real, 62%
9.72, 0.02%,92.1%,6.32%,https://www.signalstart.com/analysis/expertanalystahmedsar1/62743, 0.63%,ExpertAnalystAhmedSar1,"5,786.1",$35, 1.16,413,1054,Real, 48%
4.85, 0.05%,2.5%,7.47%,https://www.signalstart.com/analysis/luck-fish/133264, 1.48%,luck fish,"1,280.9",$35, 1.85,108,50,Real, 56%
0.35, 0.62%,1.2%,6.33%,https://www.signalstart.com/analysis/serious-business/130891, 6.33%,Serious Business,"-1,890.1",$40, 2.74,-,29,Real, 62%
1.36, 0.14%,47.6%,5.94%,https://www.signalstart.com/analysis/algo-trading-group/116268, 4.24%,Algo Trading Group,"4,243.6",$75, 1.07,322,853,Real, 73%
9.82, 0.02%,3.4%,6.5%,https://www.signalstart.com/analysis/fx-bsr/66381, 0.64%,FX BSR,202.5,$75, 1.37,198,127,Real, 65%
7.43, 0.03%,54.2%,6.56%,https://www.signalstart.com/analysis/corkpoint-leo/89521, 0.86%,CorkPoint Leo,398.6,$75, 0,-,24,Real, 100%
14.0, 0.02%,63.3%,6.98%,https://www.signalstart.com/analysis/multi-swing-trades/89325, 0.47%,Multi Swing Trades,"5,559.8",$30, 1,410,917,Real, 46%
2.46, 0.09%,3%,7.23%,https://www.signalstart.com/analysis/blue-system/118151, 2.84%,Blue System,"9,051",$99, 2.51,107,405,Real, 75%
14.0, 0.02%,50.2%,7.25%,https://www.signalstart.com/analysis/millionaire-gbpcad/63391, 0.49%,Millionaire GBPCAD,702.1,$35, 1,408,839,Real, 65%
10.62, 0.00%,88.6%,0.12%,https://www.signalstart.com/analysis/longshort-forex/59514, 0.01%,LONGSHORT FOREX,"20,756.2",$45, 1.01,380,120,Real, 40%
12.59, 0.00%,0.3%,0.88%,https://www.signalstart.com/analysis/signalking/125753, 0.07%,Signalking,86.5,$30, 0,51,5,Real, 100%
40.0, 0.00%,41.5%,1.63%,https://www.signalstart.com/analysis/gkfx-2/24174, 0.04%,GKFX 2,963.6,$30, 1,396,1973,Real, 47%
0.15, 0.16%,0.1%,0.64%,https://www.signalstart.com/analysis/hax-trader-1/133292, 0.64%,Hax Trader 1,90,$99, 8.22,-,20,Real, 90%
6.62, 0.00%,6.4%,0.67%,https://www.signalstart.com/analysis/profx1/66678, 0.10%,ProFx1,"3,390.8",$100, 1.11,234,121,Real, 66%
21.0, -0.01%,48.4%,-5.64%,https://www.signalstart.com/analysis/hightrendtrading/55341, -0.27%,HighTrendTrading,"1,697.9",$30, 1,-,2458,Real, 73%
0.87, 0.05%,2.6%,1.34%,https://www.signalstart.com/analysis/swing-trader-1/130072, 1.34%,Swing Trader 1,204.2,$50, 1.15,179,58,Real, 50%
0.42, 0.13%,5.8%,1.58%,https://www.signalstart.com/analysis/19002028/131871, 1.58%,19002028,22.5,$39, 0,-,4,Real, 100%
2.2, 0.01%,32.6%,0.4%,https://www.signalstart.com/analysis/huat83/107896, 0.18%,Huat83,402.9,$30, 0.97,306,145,Real, 63%
0.91, -0.25%,61.5%,-6.62%,https://www.signalstart.com/analysis/axitrader/121924, -6.62%,Axitrader,"7,276.1",$30, 0.9,-,131,Real, 54%
1.2, -0.08%,27.5%,-2.96%,https://www.signalstart.com/analysis/energia-dinamica/118018, -2.42%,ENERGIA DINAMICA,893.9,$39, 0.94,-,89,Real, 51%
42.0, 0.00%,30.5%,-3.52%,https://www.signalstart.com/analysis/jz-fx-mma/123814, -0.08%,JZ FX MMA,"-2,480.2",$30, 0.98,-,229,Real, 69%
0.68, -0.18%,12.2%,-3.61%,https://www.signalstart.com/analysis/safe1000k/133908, -3.61%,safe1000k,-30.5,$45, 0.74,-,20,Real, 35%
4.43, -0.02%,14.1%,-2.25%,https://www.signalstart.com/analysis/tfx-signals/85531, -0.51%,TFX Signals,100,$90, 0.96,-,142,Real, 58%
12.13, -0.01%,97.6%,-2.31%,https://www.signalstart.com/analysis/nitro-spider/61157, -0.19%,Nitro Spider,"1,310",$50, 1.04,-,506,Real, 88%
7.23, -0.03%,48.9%,-7%,https://www.signalstart.com/analysis/dogaressa-std-2/66508, -0.99%,Dogaressa STD 2,"-13,449.3",$100, 0.94,-,4115,Real, 64%
10.43, -0.06%,38.9%,-17.6%,https://www.signalstart.com/analysis/sentiment-trade-v2/60998, -1.83%,Sentiment Trade v2,"6,410.9",$35, 0.8,-,883,Real, 67%
0.52, -1.28%,18.1%,-17.61%,https://www.signalstart.com/analysis/highprofitfxsys/127293, -17.61%,HighProfitFXSys,-796.7,$30, 0.47,-,23,Real, 43%
15.0, -0.04%,63.6%,-16.72%,https://www.signalstart.com/analysis/l-rain/50914, -1.14%,The L Rain,444.3,$75, 1.53,-,117,Real, 91%
7.59, -0.08%,28.7%,-16.01%,https://www.signalstart.com/analysis/tii/83662, -2.26%,tii,-122.2,$30, 0.7,-,76,Real, 37%
21.0, -0.01%,79.1%,-5.56%,https://www.signalstart.com/analysis/rich-dad-investor/36286, -0.26%,Rich Dad Investor,"3,220.3",$56, 0.76,-,63,Real, 81%
12.3, -0.05%,20.3%,-15.77%,https://www.signalstart.com/analysis/spetrading/63403, -1.36%,speTrading,"-1,917.6",$35, 0.7,-,246,Real, 38%
13.0, -0.08%,46.8%,-27.87%,https://www.signalstart.com/analysis/jedi/57102, -2.28%,Jedi,-484.5,$30, 1.05,-,54,Real, 63%
40.0, -0.01%,70.8%,-14.06%,https://www.signalstart.com/analysis/finafolio/15980, -0.37%,FINAFOLIO,"14,085.3",$30, 1.02,-,4028,Real, 61%
13.0, -0.07%,56.6%,-26.48%,https://www.signalstart.com/analysis/sentiment-trade-v1/59882, -2.22%,Sentiment Trade v1,"10,584.3",$50, 0.79,-,1048,Real, 69%
13.0, -0.07%,100%,-26.37%,https://www.signalstart.com/analysis/pa-strategy/54338, -2.17%,PA Strategy,"-4,794.5",$30, 0.63,-,672,Real, 72%
14.0, -0.07%,57.2%,-27.66%,https://www.signalstart.com/analysis/rabbit/55322, -2.15%,the rabbit,-82.9,$30, 0.9,-,141,Real, 48%
4.33, -0.23%,78.2%,-26.26%,https://www.signalstart.com/analysis/bj002/85153, -6.75%,BJ002,170.6,$75, 0.91,-,172,Real, 67%
13.0, -0.04%,22%,-15.72%,https://www.signalstart.com/analysis/chameleon/117430, -1.26%,Chameleon,"-16,843.6",$39, 0.36,-,1467,Real, 59%
2.33, -0.20%,15.3%,-13.36%,https://www.signalstart.com/analysis/joker-1k/110059, -5.90%,Joker 1k,"1,935.1",$30, 0.72,-,112,Real, 29%
2.26, -0.36%,35.3%,-21.59%,https://www.signalstart.com/analysis/intra-day-swing-index/123079, -10.08%,Intra Day Swing Index,"39,357",$30, 0.83,-,367,Real, 53%
9.85, -0.12%,91.5%,-29.15%,https://www.signalstart.com/analysis/kratco/82206, -3.42%,Kratco,"15,792.8",$200, 0.94,-,624,Real, 72%
24.46, -0.05%,68.5%,-31.83%,https://www.signalstart.com/analysis/good-2-go/40672, -1.53%,Good 2 Go,"-1,608.4",$30, 0.9,-,1066,Real, 74%
15.0, -0.07%,41.1%,-26.19%,https://www.signalstart.com/analysis/tradingauditado-cdsun/58980, -1.98%,TRADINGAUDITADO CDSUN,-117.6,$99, 0.78,-,65,Real, 77%
1.79, -0.50%,26.9%,-23.69%,https://www.signalstart.com/analysis/huat90/111571, -13.78%,Huat90,-892.6,$30, 0.49,-,447,Real, 61%
4.1, -0.19%,59.8%,-21.18%,https://www.signalstart.com/analysis/fx-sprint/93371, -5.61%,FX Sprint,"-5,136",$30, 0.99,-,1060,Real, 62%
8.59, -0.09%,48.3%,-20.17%,https://www.signalstart.com/analysis/dxlxmxwx-coop/88366, -2.58%,DxLxMxWx Coop,"97,787.3",$100, 1,-,1499,Real, 74%
13.0, -0.07%,55.5%,-23.18%,https://www.signalstart.com/analysis/tradingauditado-adsc15m/58979, -1.97%,TRADINGAUDITADO ADSC15M,-94.8,$99, 0.75,-,50,Real, 96%
13.0, -0.18%,76.1%,-51.04%,https://www.signalstart.com/analysis/sniper-fx-88/98635, -5.24%,Sniper fx 88,"-10,752.5",$50, 1.77,-,754,Real, 73%
14.0, -0.16%,59.5%,-50.23%,https://www.signalstart.com/analysis/aaafx96/104270, -4.70%,aaafx96,-90.2,$35, 0.74,-,759,Real, 63%
12.56, -0.17%,86%,-47.56%,https://www.signalstart.com/analysis/insomnia/61699, -4.93%,insomnia,"56,573.9",$30, 3.38,-,415,Real, 53%
14.0, -0.17%,76.4%,-52.05%,https://www.signalstart.com/analysis/cw-signals/66599, -4.90%,CW Signals,"3,311.6",$30, 1,-,1600,Real, 52%
21.0, -0.11%,93.4%,-49.92%,https://www.signalstart.com/analysis/usd-billionaire-ii/37274, -3.14%,USD Billionaire II,"2,705,117.4",$30, 0.83,-,197,Real, 73%
3.26, -0.65%,59.2%,-47.04%,https://www.signalstart.com/analysis/good-2-go-money-tree/98558, -17.56%,Good 2 Go Money Tree,"-4,869.5",$30, 0.48,-,301,Real, 69%
8.26, -0.24%,97.4%,-45.5%,https://www.signalstart.com/analysis/scm/80813, -7.06%,SCM,-259.4,$75, 0.85,-,168,Real, 80%
15.0, -0.29%,86.1%,-74.51%,https://www.signalstart.com/analysis/no-pain-no-gain/53320, -8.43%,No pain no gain,"2,477.9",$30, 0.94,-,2095,Real, 72%
12.2, -0.17%,90.4%,-47.71%,https://www.signalstart.com/analysis/fxpolly-swing/64053, -5.10%,FxPolly Swing,"-7,511.9",$49, 0.89,-,101,Real, 36%
3.56, -1.25%,90.7%,-74.04%,https://www.signalstart.com/analysis/heal-world/133747, -31.32%,Heal the World,"24,502.5",$30, 0.68,-,241,Real, 63%
2.23, -1.62%,80%,-66.61%,https://www.signalstart.com/analysis/bewin1/107259, -38.49%,Bewin1,"2,280.4",$50, 0.79,-,334,Real, 77%
42.0, -0.12%,95.9%,-78.82%,https://www.signalstart.com/analysis/genesis-asset-monitor/21670, -3.53%,GENESIS ASSET MONITOR,"175,307.7",$40, 0.9,-,498,Real, 86%
6.33, -0.71%,98.3%,-73.94%,https://www.signalstart.com/analysis/gan/101491, -19.07%,gan,"-1,326.7",$43, 1.34,-,3036,Real, 65%
1.26, -3.33%,84.1%,-72.41%,https://www.signalstart.com/analysis/shano-living/118648, -63.13%,Shano Living,-626.9,$500, 0.49,-,187,Real, 52%
21.0, -0.19%,92.6%,-70.42%,https://www.signalstart.com/analysis/shareholder-ii/36667, -5.49%,Shareholder II,-6,$65, 0.72,-,47,Real, 81%
2.02, -1.98%,75.1%,-69.97%,https://www.signalstart.com/analysis/butterfly/109219, -44.81%,Butterfly,"-5,739.8",$30, 0.61,-,312,Real, 62%
13.0, -0.33%,82.7%,-74.9%,https://www.signalstart.com/analysis/goldmine/53952, -9.32%,Goldmine,"-5,928.7",$50, 0.51,-,36,Real, 61%
9.79, -0.91%,99.8%,-93.22%,https://www.signalstart.com/analysis/sundar-pro/62824, -23.96%,Sundar Pro,"1,361.8",$39, 0.92,-,338,Real, 79%
3.1, -2.51%,99.7%,-90.62%,https://www.signalstart.com/analysis/priceactionbasket/110801, -53.12%,PriceActionBasket,"269,849.4",$30, 0.92,-,1327,Real, 59%
11.82, -0.61%,90.8%,-88.56%,https://www.signalstart.com/analysis/eutradercash/132599, -16.71%,EuTraderCash,"1,316.2",$40, 0.71,-,790,Real, 71%
9.3, -0.95%,97.1%,-93.03%,https://www.signalstart.com/analysis/laughing-fighting/61030, -24.85%,Laughing and Fighting,"8,244.2",$70, 0.83,-,288,Real, 51%
25.0, -0.28%,91.3%,-87.91%,https://www.signalstart.com/analysis/tff/56203, -7.99%,TFF,"-5,756.5",$30, 0.47,-,566,Real, 54%
1.82, -3.75%,98.7%,-87.75%,https://www.signalstart.com/analysis/smat/126131, -67.72%,SMAT,"-5,848.6",$30, 1.02,-,217,Real, 73%
7.66, -1.07%,98.1%,-91.54%,https://www.signalstart.com/analysis/caliber-best-return/103136, -27.47%,Caliber Best Return,"-10,743.2",$45, 0.87,-,1110,Real, 55%
1.82, -3.69%,93.2%,-87.38%,https://www.signalstart.com/analysis/sugarpui/117220, -67.20%,Sugarpui,"-3,777.4",$50, 0.56,-,816,Real, 63%
1.85, -8.65%,100%,-99.37%,https://www.signalstart.com/analysis/high-second/111753, -93.15%,High Second,"1,066.2",$35, 0.54,-,81,Real, 78%
2.1, -7.72%,100%,-99.37%,https://www.signalstart.com/analysis/high-gain-smart/111746, -90.77%,High Gain Smart,"1,321.8",$35, 0.55,-,86,Real, 79%
54.0, -0.29%,100%,-99.2%,https://www.signalstart.com/analysis/marcoval/74198, -8.39%,MarcoVal,"17,743.7",$30, 1.48,-,1492,Real, 88%
13.0, -1.06%,99.5%,-98.78%,https://www.signalstart.com/analysis/igi-master/62802, -27.37%,IGI Master,"17,356.3",$35, 2.13,-,1227,Real, 70%
5.49, -2.84%,99.9%,-99.13%,https://www.signalstart.com/analysis/takeyoutime/81765, -57.67%,TakeYouTime,"-47,812",$35, 0.81,-,2858,Real, 60%
12.43, -1.73%,100%,-99.87%,https://www.signalstart.com/analysis/signalyorpanprofit/56598, -40.77%,SignalYorpanProfit,"2,287.9",$37, 0.81,-,472,Real, 61%
13.0, -1.61%,99.9%,-99.87%,https://www.signalstart.com/analysis/richthegreat/57876, -38.57%,Richthegreat,"-19,038.1",$30, 0.61,-,830,Real, 75%
14.0, -1.15%,99.9%,-99.38%,https://www.signalstart.com/analysis/excellence/71531, -29.23%,Excellence,"3,651.9",$49, 0.93,-,4277,Real, 71%
13.0, -1.62%,99.9%,-99.86%,https://www.signalstart.com/analysis/grand-capital-mix/57101, -38.64%,Grand Capital Mix,"-1,211.6",$75, 0.51,-,524,Real, 57%
49.0, -0.31%,100%,-99.15%,https://www.signalstart.com/analysis/extrader/7224, -9.01%,extrader,"-29,352.9",$30, 0.77,-,1448,Real, 79%
3.62, -5.80%,100%,-99.85%,https://www.signalstart.com/analysis/wetradingorg2/100336, -83.17%,WeTradingOrg2,"70,196.2",$500, 1,-,1988,Real, 37%
85.0, -0.25%,100%,-99.84%,https://www.signalstart.com/analysis/nolife/42375, -7.18%,NoLife,"1,872.9",$30, 1.03,-,189,Real, 48%
24.3, -0.87%,99.9%,-99.84%,https://www.signalstart.com/analysis/byrontrading/68997, -23.01%,Byrontrading,"-4,862.7",$30, 0.75,-,1521,Real, 61%
0.84, -21.05%,99.9%,-99.73%,https://www.signalstart.com/analysis/profitable-trading/124451, -99.73%,Profitable Trading,"5,874.4",$30, 1.13,-,529,Real, 79%
9.26, -2.21%,100%,-99.8%,https://www.signalstart.com/analysis/profittrain/76662, -48.84%,ProfitTrain,"-4,850.1",$45, 0.73,-,819,Real, 62%
95.0, -0.22%,100%,-99.82%,https://www.signalstart.com/analysis/copymymt4trade/47835, -6.33%,copymymt4trade,"-5,730.8",$75, 0.93,-,3229,Real, 51%
3.62, -5.24%,100%,-99.72%,https://www.signalstart.com/analysis/oncemore31/106223, -79.90%,Oncemore31,"8,439.4",$149, 0.74,-,1035,Real, 25%
5.75, -3.64%,100%,-99.84%,https://www.signalstart.com/analysis/super-scalper/78629, -67.01%,SUPER SCALPER,"-36,530.9",$199, 0.79,-,2925,Real, 82%
26.0, -0.76%,99.9%,-99.77%,https://www.signalstart.com/analysis/lab-story-live/31622, -20.50%,LAB STORY LIVE,"30,015.1",$30, 0.67,-,1213,Real, 72%
8.1, -2.26%,100%,-99.61%,https://www.signalstart.com/analysis/s7a-forex/124857, -49.46%,S7A Forex,"-4,223.2",$30, 0.81,-,348,Real, 72%
12.89, -1.46%,100%,-99.68%,https://www.signalstart.com/analysis/sunny-method/59012, -35.56%,Sunny method,"-3,655.6",$75, 0.8,-,1088,Real, 70%
68.0, -0.28%,99.9%,-99.67%,https://www.signalstart.com/analysis/robo/67422, -7.94%,Robo,"6,892.7",$30, 1.2,-,1909,Real, 78%
25.0, -0.54%,99.4%,-98.61%,https://www.signalstart.com/analysis/safescalping/56263, -15.10%,SafeScalping,"-118,117.8",$30, 0.72,-,31768,Real, 93%
8.33, -2.17%,100%,-99.59%,https://www.signalstart.com/analysis/euro-quick/64866, -48.12%,Euro Quick,"6,286.8",$30, 1.13,-,1275,Real, 72%
2.69, -6.48%,100%,-99.56%,https://www.signalstart.com/analysis/hope-future/102184, -86.36%,Hope and a future,"15,851.6",$30, 1.22,-,598,Real, 83%
4.69, -3.55%,99.9%,-99.39%,https://www.signalstart.com/analysis/vicmackey/84383, -65.97%,VicMackey,"9,401.6",$45, 0.85,-,492,Real, 74%
23.0, -0.58%,100%,-98.38%,https://www.signalstart.com/analysis/forexstay-sight-ea/98425, -16.03%,FOREXSTAY SIGHT EA,"11,821.7",$30, 2.41,-,946,Real, 82%
2.79, -4.58%,98.6%,-98.05%,https://www.signalstart.com/analysis/forex-ea-robot/100847, -75.20%,Forex EA Robot,"-4,902.8",$30, 0.79,-,582,Real, 70%
33.0, -0.55%,100%,-99.66%,https://www.signalstart.com/analysis/46485/29936, -15.34%,46485,"104,732.6",$49, 0.98,-,2357,Real, 55%
43.0, -0.32%,99.1%,-98.52%,https://www.signalstart.com/analysis/easy-aud-eur-gbp/21958, -9.12%,Easy AUD EUR GBP,952.9,$30, 0.74,-,565,Real, 73%
2.1, -5.63%,99.9%,-97.41%,https://www.signalstart.com/analysis/sig-fhqr2/117388, -82.09%,Sig FHQR2,"-9,343.7",$30, 0.67,-,501,Real, 57%
3.56, -3.18%,99.8%,-96.86%,https://www.signalstart.com/analysis/late/92846, -61.88%,late,"6,307",$50, 1.19,-,1554,Real, 83%
11.2, -1.15%,98.9%,-97.94%,https://www.signalstart.com/analysis/eurusd-1h-m/58664, -29.23%,EURUSD 1H M,-18.9,$30, 0.83,-,303,Real, 78%
0.61, -16.40%,99.2%,-96.02%,https://www.signalstart.com/analysis/follow-my-gbpusd-trades/126173, -96.02%,Follow My GBPUSD Trades,407.3,$100, 0.74,-,403,Real, 78%
5.49, -1.97%,97%,-96.23%,https://www.signalstart.com/analysis/gladiator/79448, -44.76%,Gladiator,"-13,872.3",$69, 0.63,-,3137,Real, 31%
4.07, -2.75%,97.7%,-96.68%,https://www.signalstart.com/analysis/top-gun/89885, -56.51%,Top Gun,"-56,916.8",$30, 0.58,-,2141,Real, 62%
5.26, -1.94%,98.8%,-95.51%,https://www.signalstart.com/analysis/jordans-invest-club-1000pips/88450, -44.38%,JORDANS INVEST CLUB 1000PIPS,747.9,$99, 0.85,-,57,Real, 49%
1.43, -6.91%,95.9%,-95.39%,https://www.signalstart.com/analysis/profits-every-day/115806, -87.90%,profits every day,-803.4,$30, 0.53,-,134,Real, 43%
10.3, -0.64%,99.9%,-86.26%,https://www.signalstart.com/analysis/stepping-up/86518, -17.49%,Stepping up,"4,552.2",$350, 0.95,-,1124,Real, 73%
6.75, -1.32%,97.4%,-93.27%,https://www.signalstart.com/analysis/fxsmurf/66390, -32.80%,FxSmurf,-981,$45, 0.75,-,703,Real, 65%
38.0, -0.17%,93.5%,-86.09%,https://www.signalstart.com/analysis/investoea/19849, -4.96%,InvestoEA,"-4,272.3",$30, 0.58,-,452,Real, 71%
8.1, -0.79%,91.1%,-85.46%,https://www.signalstart.com/analysis/thepipswinners/79532, -21.13%,ThePipsWinners,"-3,723.7",$55, 0.56,-,650,Real, 88%
4.07, -1.47%,87.6%,-83.67%,https://www.signalstart.com/analysis/best-esma-trading/88121, -35.79%,Best of ESMA Trading,"-3,271",$49, 0.68,-,658,Real, 68%
64.0, -0.10%,93.8%,-86.36%,https://www.signalstart.com/analysis/machine/8184, -3.02%,The Machine,"-17,845.7",$45, 0.84,-,1328,Real, 59%
34.0, -0.18%,100%,-85.64%,https://www.signalstart.com/analysis/beginningtrade/23627, -5.40%,Beginningtrade,"-1,500,731.4",$40, 0.68,-,1394,Real, 46%
17.0, -0.30%,92.8%,-80.18%,https://www.signalstart.com/analysis/trendhunter/95877, -8.54%,Trendhunter,"120,045.8",$250, 0.91,-,5647,Real, 78%
11.69, -0.45%,87%,-79.35%,https://www.signalstart.com/analysis/realistic/57967, -12.59%,Realistic,"2,875.3",$40, 0.77,-,752,Real, 58%
18.0, -0.29%,93.5%,-79.24%,https://www.signalstart.com/analysis/pro-trend/60991, -8.22%,PRO TREND,"20,939.5",$30, 0.89,-,766,Real, 51%
14.0, -0.25%,80%,-66.23%,https://www.signalstart.com/analysis/aaa97/104403, -7.22%,Aaa97,"-2,537",$35, 0.94,-,1436,Real, 78%
13.0, -0.46%,94.7%,-84.21%,https://www.signalstart.com/analysis/mvg-trading/56447, -12.94%,MVG Trading,"2,163.2",$49, 0.79,-,2058,Real, 77%
1.13, -2.72%,74%,-60.9%,https://www.signalstart.com/analysis/rehoboth-a7/119082, -55.59%,Rehoboth A7,2.7,$30, 0.51,-,70,Real, 83%
20.0, -0.15%,85.4%,-59.8%,https://www.signalstart.com/analysis/outersight/129995, -4.31%,Outersight,-656.1,$30, 0.8,-,331,Real, 55%
2.1, -1.26%,88.2%,-55.15%,https://www.signalstart.com/analysis/ea-nagabonar/114742, -31.45%,EA Nagabonar,194.6,$35, 1.13,-,59,Real, 51%
17.0, -0.17%,99.7%,-59.64%,https://www.signalstart.com/analysis/forexstay-100-million/98418, -5.10%,FOREXSTAY 100 TO MILLION,"1,819.8",$30, 2.06,-,143,Real, 83%
45.0, -0.12%,95.8%,-81.83%,https://www.signalstart.com/analysis/kk-ausgeglichen/22259, -3.62%,KK ausgeglichen,"2,596",$69, 0.78,-,2177,Real, 68%
10.49, -0.28%,71.8%,-59.03%,https://www.signalstart.com/analysis/dolphin/62858, -8.13%,Dolphin,"10,466.2",$30, 0.69,-,774,Real, 74%
6.3, -0.50%,89.4%,-61.29%,https://www.signalstart.com/analysis/account-13/75857, -13.94%,Account 13,"-6,811.6",$30, 1.03,-,3046,Real, 45%
5.59, -0.57%,94.9%,-61.57%,https://www.signalstart.com/analysis/martin-mcfly/74058, -15.64%,Martin McFly,"-10,198.1",$30, 0.9,-,6462,Real, 59%
2.23, -0.84%,57.6%,-43.24%,https://www.signalstart.com/analysis/huat81/107882, -22.19%,Huat81,-323,$30, 0.79,-,76,Real, 71%
23.0, -0.08%,85.1%,-42%,https://www.signalstart.com/analysis/spider-trader/113629, -2.31%,Spider Trader,"-3,781.2",$30, 0.91,-,572,Real, 61%
6.92, -0.35%,99.9%,-52.27%,https://www.signalstart.com/analysis/microprofitsfx/105040, -10.09%,MicroProfitsFX,"6,135.9",$30, 1.38,-,1153,Real, 55%
6.16, -0.27%,71.4%,-39.1%,https://www.signalstart.com/analysis/alessio-emanuele/133418, -7.70%,Alessio Emanuele,"3,365",$160, 0.65,-,325,Real, 80%
6.49, -0.31%,53.6%,-45.44%,https://www.signalstart.com/analysis/premier-fx-vip-2/66754, -8.87%,Premier FX VIP 2,"-1,685.6",$75, 0.7,-,964,Real, 52%
1.23, -1.27%,44.7%,-37.68%,https://www.signalstart.com/analysis/wise-scalping/118158, -31.35%,WISE SCALPING,-579.4,$75, 0.45,-,248,Real, 65%
38.0, -0.16%,96.5%,-85.13%,https://www.signalstart.com/analysis/amazing/22731, -4.72%,Amazing,"585,179.6",$100, 1.17,-,3251,Real, 88%
2.49, -0.54%,67.4%,-33.89%,https://www.signalstart.com/analysis/smallstep-aggressive/104529, -14.94%,SmallStep Aggressive,157.6,$35, 1.09,-,629,Real, 60%
5.1, -0.26%,45.2%,-33%,https://www.signalstart.com/analysis/yoursuperannuation/84747, -7.52%,YourSuperAnnuation,-4.4,$30, 0.6,-,90,Real, 72%
6.02, -0.23%,81.3%,-34.26%,https://www.signalstart.com/analysis/fx-daily-profits/93938, -6.73%,FX Daily Profits,"-323,872.3",$30, 0.88,-,1252,Real, 81%
1.59, -0.82%,46.3%,-32.61%,https://www.signalstart.com/analysis/forex-heaven/122127, -21.58%,Forex Heaven,"-1,403.1",$65, 0.74,-,662,Real, 58%
43.0, -0.03%,46.8%,-31.87%,https://www.signalstart.com/analysis/trinity-fx/114322, -0.86%,Trinity FX,"-2,208.4",$30, 0.9,-,1430,Real, 43%
1.26, -1.03%,39%,-32.56%,https://www.signalstart.com/analysis/024/117402, -26.31%,024,23.7,$30, 0.77,-,184,Real, 65%
0.15, -5.23%,26.6%,-19.34%,https://www.signalstart.com/analysis/cougar-first-wave/131983, -19.34%,Cougar First Wave,"-3,534.6",$30, 0.46,-,32,Real, 72%
3.72, -0.18%,93.5%,-18.41%,https://www.signalstart.com/analysis/reto-1m/91201, -5.27%,Reto 1M,169.1,$30, 0.9,-,69,Real, 17%
27.0, -0.05%,44.3%,-36.51%,https://www.signalstart.com/analysis/718/34129, -1.64%,718,"-30,814.8",$50, 0.51,-,1735,Real, 59%
40.0, -0.06%,69.6%,-52.89%,https://www.signalstart.com/analysis/tap/19837, -1.83%,TAP,"6,916.1",$30, 0.92,-,4078,Real, 74%
2.23, -0.30%,54%,-18.18%,https://www.signalstart.com/analysis/balenciaga/109065, -8.51%,Balenciaga,"-2,644.1",$50, 1.12,-,1736,Real, 66%
3.59, -0.18%,34.8%,-17.74%,https://www.signalstart.com/analysis/hdfx-trading/101904, -5.25%,HDFX Trading,"-1,700.1",$30, 0.59,-,154,Real, 75%
36.07, -0.02%,80.5%,-19.26%,https://www.signalstart.com/analysis/hk50-dailyfox/33442, -0.58%,HK50 Dailyfox,"-3,945.6",$30, 1.04,-,1181,Real, 62%
16.0, -0.04%,34.5%,-20.02%,https://www.signalstart.com/analysis/trading-eurusd/51325, -1.32%,trading EURUSD,"21,484.1",$35, 0.89,-,2634,Real, 63%
28.0, -0.02%,67.7%,-17.65%,https://www.signalstart.com/analysis/torus002/64350, -0.66%,Torus002,261.8,$35, 0.98,-,2699,Real, 40%
1.82, -0.23%,25.2%,-11.99%,https://www.signalstart.com/analysis/kingofswing/110787, -6.65%,Kingofswing,"-2,593.5",$75, 0.7,-,32,Real, 53%
4.62, -0.09%,77.6%,-11.9%,https://www.signalstart.com/analysis/belivefx/102800, -2.68%,BeliveFx,94.7,$40, 0.89,-,154,Real, 83%
0.45, -0.95%,18.2%,-11.72%,https://www.signalstart.com/analysis/golden-pearl/128182, -11.72%,Golden pearl,"3,221.1",$70, 0.87,-,435,Real, 59%
1.2, -0.33%,73%,-11.36%,https://www.signalstart.com/analysis/1mscalping/118109, -9.38%,1MScalping,"-1,318.2",$75, 1.02,-,827,Real, 61%
6.02, -0.07%,32.4%,-11.17%,https://www.signalstart.com/analysis/alfa-hedge/103850, -1.95%,Alfa hedge,"-6,448.7",$50, 0.96,-,267,Real, 51%
33.0, -0.10%,75.8%,-63.64%,https://www.signalstart.com/analysis/go-flow/29168, -2.94%,Go with the flow,"26,771.8",$50, 0.89,-,11751,Real, 54%
3.62, -0.08%,36.2%,-8.84%,https://www.signalstart.com/analysis/fxpro14-system/91992, -2.50%,FXPRO14 System,-419.8,$149, 0.89,-,102,Real, 54%
9.72, -0.03%,28.8%,-8.07%,https://www.signalstart.com/analysis/integrity-trading/64154, -0.86%,Integrity trading,133.1,$75, 0.91,-,505,Real, 62%
16.0, -0.02%,98.5%,-10.66%,https://www.signalstart.com/analysis/miser041-wt/74373, -0.66%,Miser041 wt,"3,840",$47, 1.23,-,2388,Real, 74%
9.36, -0.01%,14.7%,-2.21%,https://www.signalstart.com/analysis/maguro/80071, -0.24%,Maguro,-570.3,$39, 0.98,-,294,Real, 59%
69.0, 0.00%,55.5%,-9.95%,https://www.signalstart.com/analysis/eurusd-swinger/35721, -0.15%,Eurusd swinger,982.4,$40, 0.94,-,330,Real, 35%
15.0, -0.02%,62.8%,-9.31%,https://www.signalstart.com/analysis/dailytrader/64673, -0.62%,DailyTrader,"-3,616.7",$75, 0.82,-,873,Real, 69%
17.0, -0.02%,29.9%,-9.79%,https://www.signalstart.com/analysis/top-legacy-fx/52010, -0.61%,Top Legacy FX,307.7,$50, 0.91,-,1041,Real, 62%
2.69, -0.03%,4%,-2.04%,https://www.signalstart.com/analysis/sab-investments-2020/103878, -0.76%,SAB Investments 2020,88.4,$99, 0.8,-,20,Real, 35%
6.02, -0.01%,22.5%,-1.02%,https://www.signalstart.com/analysis/servequant/99545, -0.17%,ServeQuant,"2,406.9",$90, 0.99,-,249,Real, 61%
6.07, 0.00%,66.2%,-0.42%,https://www.signalstart.com/analysis/icmarkets1/98124, -0.07%,ICMARKETS1,9,$30, 1,-,99,Real, 36%
7.23, -0.01%,79.6%,-1.9%,https://www.signalstart.com/analysis/mri/124787, -0.26%,MRI,"32,662.5",$30, 1.06,-,523,Real, 32%
3.36, -0.01%,8.3%,-1.24%,https://www.signalstart.com/analysis/sniper-strategy-trader/95338, -0.37%,Sniper Strategy Trader,"2,980.6",$199, 1.01,-,2124,Real, 72%
59.02, 0%,0%,0%,https://www.signalstart.com/analysis/0-stress-retire-fx-signals/133607, 0.00%,0 Stress Retire FX Signals,0,$99, 0,-,0,Real, 0%
18.0, 0.00%,91.7%,-1.74%,https://www.signalstart.com/analysis/relative-wave-15/53887, -0.10%,Relative Wave 15,"-4,705.1",$75, 0.6,-,525,Real, 74%
0.38, 0%,0%,0%,https://www.signalstart.com/analysis/hk50-surf/128917, 0.00%,HK50 SURF,0,$39, 0,-,0,Real, 0%
5.03, 0.01%,20.2%,2.25%,https://www.signalstart.com/analysis/ai-trading/108834, 0.44%,AI trading,"-24,346.6",$80, 1.03,260,362,Real, 39%
0.25, 0.01%,0%,0.04%,https://www.signalstart.com/analysis/morgan-park/130653, 0.04%,MORGAN PARK,193.5,$30, 0,-,15,Real, 100%
0.19, 0.02%,2.8%,0.09%,https://www.signalstart.com/analysis/yes23-zenix/131549, 0.09%,YES23 ZENIX,16.9,$30, 0,-,1,Real, 100%
1.75, 0.06%,1.6%,3.35%,https://www.signalstart.com/analysis/infincom/112978, 1.86%,infincom,124.2,$40, 1.71,131,35,Real, 74%
0.12, 0.69%,4.4%,2.07%,https://www.signalstart.com/analysis/vip-chanel/132480, 2.07%,VIP Chanel,98.9,$30, 40.45,-,10,Real, 90%
0.94, 0.09%,6.7%,2.47%,https://www.signalstart.com/analysis/echo-trade-copier-fx/121154, 2.47%,Echo Trade Copier FX,"-1,360.8",$59, 1.08,194,208,Real, 45%
0.42, 0.31%,14%,3.81%,https://www.signalstart.com/analysis/suresteadyprofit/128525, 3.82%,SureSteadyProfit,"1,468.2",$75, 2.62,157,509,Real, 87%
0.61, 0.24%,14.5%,4.36%,https://www.signalstart.com/analysis/safetrade/126341, 4.36%,SafeTrade,203.7,$45, 3.9,-,14,Real, 79%
0.58, 0.21%,3.2%,3.69%,https://www.signalstart.com/analysis/mundo-fenix/127300, 3.69%,MUNDO FENIX,"2,832.5",$75, 2.01,145,432,Real, 70%
1.1, 0.14%,28.3%,4.89%,https://www.signalstart.com/analysis/fxraida/121805, 4.34%,FXRaida,-279.5,$30, 1.26,268,67,Real, 91%
1.82, 0.09%,36.8%,5.29%,https://www.signalstart.com/analysis/profit-fhqr/116891, 2.81%,Profit FHQR,300.7,$30, 0.83,310,151,Real, 72%
0.12, 1.75%,1%,5.35%,https://www.signalstart.com/analysis/emr/132956, 5.35%,EMR,167,$49, 0,-,14,Real, 100%
18.0, 0.01%,91.2%,4.15%,https://www.signalstart.com/analysis/blackbull1/98131, 0.22%,BlackBull1,"1,170.5",$30, 1.04,429,337,Real, 44%
15.0, 0.01%,47.3%,5.35%,https://www.signalstart.com/analysis/hs-trading-ai/107343, 0.34%,HS trading AI,"-21,857.7",$80, 1.01,367,1008,Real, 40%
0.19, 1.51%,9.5%,7.8%,https://www.signalstart.com/analysis/james-ng/131955, 7.80%,James NG,429.9,$30, 0,-,22,Real, 100%
2.49, 0.11%,8.7%,8.21%,https://www.signalstart.com/analysis/fundtrader/107721, 3.18%,FundTrader,810.6,$45, 1.87,134,24,Real, 62%
0.81, 0.31%,8.3%,7.72%,https://www.signalstart.com/analysis/american-bulls/130261, 7.72%,American Bulls,"10,763.4",$200, 1.61,156,1550,Real, 63%
2.2, 0.12%,5%,8.2%,https://www.signalstart.com/analysis/expert-5/111669, 3.61%,Expert 5,"1,045,093.7",$30, 1.96,140,1944,Real, 78%
50.0, 0.00%,68.3%,-7.3%,https://www.signalstart.com/analysis/double-live/18265, -0.15%,Double Live,"13,754",$75, 1.12,-,5969,Real, 67%
0.48, 0.57%,9.3%,8.24%,https://www.signalstart.com/analysis/gold-trader-ii/130842, 8.24%,Gold Trader II,"4,242",$35, 3.24,-,39,Real, 87%
32.0, 0.01%,34.1%,7.74%,https://www.signalstart.com/analysis/sfe-eurusd/41892, 0.23%,SFE EURUSD,"8,965.7",$40, 0.88,374,1749,Real, 53%
1.62, 0.17%,9.1%,8.45%,https://www.signalstart.com/analysis/discovery/128812, 5.02%,Discovery,"1,244.7",$50, 3.39,125,128,Real, 90%
5.59, 0.05%,15.1%,8.61%,https://www.signalstart.com/analysis/topsignal/75199, 1.48%,ToPsignaL,"2,955",$30, 1.5,61,41,Real, 59%
3.13, 0.09%,1.8%,8.85%,https://www.signalstart.com/analysis/long-term-investment/105446, 2.72%,Long term investment,"7,430.7",$35, 2.18,129,1096,Real, 81%
3.26, 0.10%,11.5%,10.3%,https://www.signalstart.com/analysis/bridge/99615, 3.02%,Bridge,"1,129.4",$39, 1.4,193,55,Real, 76%
23.0, 0.01%,73.8%,10.64%,https://www.signalstart.com/analysis/fcg/53575, 0.42%,FCG,"15,171.4",$30, 0.95,119,1452,Real, 67%
2.52, 0.14%,4.1%,11.52%,https://www.signalstart.com/analysis/orions/128840, 4.36%,Orions,571.9,$50, 1.94,123,169,Real, 85%
0.68, 0.58%,9.1%,12.19%,https://www.signalstart.com/analysis/imperator/125732, 12.19%,Imperator,392,$99, 2.88,-,23,Real, 70%
1.26, 0.31%,15.4%,12.35%,https://www.signalstart.com/analysis/084/117395, 9.44%,084,158.1,$30, 1.83,165,186,Real, 66%
1.1, 0.31%,27.6%,10.9%,https://www.signalstart.com/analysis/metamaster/119649, 9.64%,MetaMaster,801.8,$30, 6.07,163,46,Real, 89%
0.12, 3.60%,54.7%,11.16%,https://www.signalstart.com/analysis/hax-trader-2/133299, 11.18%,Hax Trader 2,353.1,$99, 3.65,313,345,Real, 71%
2.49, 0.14%,18.6%,11.3%,https://www.signalstart.com/analysis/active-day-traders/106979, 4.33%,Active Day Traders,142.6,$149, 1.12,208,192,Real, 69%
52.0, 0.01%,57.6%,10.86%,https://www.signalstart.com/analysis/robosoft/15964, 0.19%,RoboSoft,"-1,034.7",$35, 1.08,291,1742,Real, 72%
21.0, 0.01%,13.1%,9.37%,https://www.signalstart.com/analysis/dmj/57651, 0.41%,DMJ,943.6,$75, 0.99,280,431,Real, 47%
5.72, 0.07%,12.7%,12.51%,https://www.signalstart.com/analysis/fx95/104445, 2.07%,FX95,"3,167.2",$39, 1.11,196,270,Real, 51%
5.33, 0.07%,27.8%,12.57%,https://www.signalstart.com/analysis/genex/105068, 2.24%,Genex,120.9,$30, 1.07,240,209,Real, 78%
76.0, 0.01%,14.6%,15.27%,https://www.signalstart.com/analysis/surgefx/125991, 0.18%,SurgeFX,972.4,$30, 1.84,144,253,Real, 66%
0.68, 0.68%,19.9%,14.43%,https://www.signalstart.com/analysis/fiber-buck/130170, 14.43%,Fiber Buck,"1,479.7",$75, 0,-,22,Real, 100%
3.03, 0.15%,16.1%,14.55%,https://www.signalstart.com/analysis/x1usdcad/102814, 4.54%,X1USDCAD,827.1,$30, 1.45,181,286,Real, 84%
1.1, 0.44%,9.2%,15.24%,https://www.signalstart.com/analysis/cow-pasture/132732, 13.64%,Cow in the Pasture,"1,903.6",$35, 4.31,83,153,Real, 87%
9.59, 0.05%,31.8%,15.86%,https://www.signalstart.com/analysis/y2020/109821, 1.54%,Y2020,"-9,333.7",$39, 1.13,249,125,Real, 51%
1.62, 0.31%,6.4%,16.2%,https://www.signalstart.com/analysis/vnstockwatcher/114910, 9.49%,VnstockWatcher,454.5,$50, 4.06,70,65,Real, 88%
3.33, 0.15%,7.9%,16.28%,https://www.signalstart.com/analysis/massgainerpro/95618, 4.60%,MassGainerPRO,529.2,$30, 1.58,132,174,Real, 74%
1.62, 0.31%,15.5%,16.66%,https://www.signalstart.com/analysis/rasendria/125298, 9.75%,Rasendria,"2,223",$50, 2.9,109,63,Real, 81%
5.95, 0.09%,34.9%,16.95%,https://www.signalstart.com/analysis/mechanicalsequencer-2ndgen/70684, 2.65%,MechanicalSequencer 2ndGen,"-397,540.2",$30, 1.04,359,201,Real, 60%
24.89, 0.02%,17.7%,16.61%,https://www.signalstart.com/analysis/pip-builder/38207, 0.61%,Pip Builder,496.3,$40, 1.04,170,1148,Real, 76%
4.62, 0.11%,78.5%,16.19%,https://www.signalstart.com/analysis/romanhooligan/104585, 3.27%,RomanHooligan,"-83,455.6",$30, 1.05,384,1552,Real, 71%
1.23, 0.46%,9.7%,18.7%,https://www.signalstart.com/analysis/thefxacesignals/118179, 14.61%,TheFxAceSignals,"4,384.4",$97, 2.66,102,216,Real, 85%
0.25, 2.57%,19%,19.42%,https://www.signalstart.com/analysis/tiberium-scalper/130786, 19.42%,Tiberium Scalper,"2,141.9",$50, 1.83,127,474,Real, 68%
5.43, 0.11%,12.2%,19.73%,https://www.signalstart.com/analysis/day-traders/107469, 3.35%,Day traders,773.8,$149, 1.13,202,633,Real, 67%
43.0, 0.01%,72.7%,16.12%,https://www.signalstart.com/analysis/everest/30428, 0.34%,Everest,"9,673.4",$30, 1.15,425,5087,Real, 80%
11.82, 0.05%,74.3%,19%,https://www.signalstart.com/analysis/tiger-martin-sh-722/57838, 1.48%,Tiger Martin SH 722,"6,796.3",$30, 1.68,356,1489,Real, 59%
1.62, 0.37%,6.8%,20.13%,https://www.signalstart.com/analysis/longterm-profits/116408, 11.70%,Longterm Profits,798,$99, 1.91,84,81,Real, 74%
13.0, 0.04%,24.8%,19.14%,https://www.signalstart.com/analysis/bonaparte/88373, 1.27%,Bonaparte,"457,625.6",$50, 3.78,217,1334,Real, 83%
21.0, 0.03%,21.5%,19.82%,https://www.signalstart.com/analysis/positionstrading/52658, 0.83%,Positionstrading,"3,724.7",$30, 2.45,189,233,Real, 93%
3.46, 0.18%,3.3%,20.21%,https://www.signalstart.com/analysis/edenbridgefx/111305, 5.42%,EdenBridgeFX,"2,354.1",$75, 3.91,56,312,Real, 77%
28.0, 0.02%,25.4%,20.46%,https://www.signalstart.com/analysis/algosamurai-yumiaudjpy450/53695, 0.65%,AlgoSamurai YumiAUDJPY450,"1,441.7",$30, 1.11,350,168,Real, 39%
12.85, 0.05%,49.3%,20.94%,https://www.signalstart.com/analysis/sygotrade/65792, 1.47%,SYGOTRADE,"2,842.8",$30, 1.86,334,1087,Real, 83%
7.69, 0.10%,94.5%,24.87%,https://www.signalstart.com/analysis/fxhunter/65472, 2.92%,fxhunter,-928.9,$100, 1.04,342,319,Real, 67%
12.62, 0.06%,17.7%,26%,https://www.signalstart.com/analysis/flexiblefx-signal/109863, 1.82%,FlexibleFX Signal,"18,403.8",$30, 1.22,79,1822,Real, 47%
22.0, 0.03%,75%,21.05%,https://www.signalstart.com/analysis/neverendingstory/35463, 0.86%,NeverEndingStory,"11,573",$50, 2.48,269,125,Real, 80%
1.43, 0.55%,5.4%,26.34%,https://www.signalstart.com/analysis/pyps-move/122106, 17.41%,PYPS MOVE,"25,692.1",$45, 2.04,67,151,Real, 77%
1.85, 0.42%,27.1%,26.42%,https://www.signalstart.com/analysis/signal-provider/110899, 13.20%,Signal Provider,"-9,916.6",$30, 1.81,169,5285,Real, 64%
2.46, 0.32%,27.9%,26.93%,https://www.signalstart.com/analysis/focustradefx-low-risk-18k/116765, 10.05%,FocusTradeFX Low Risk 18K,"3,888.4",$40, 1.67,172,2281,Real, 88%
3.36, 0.30%,13.9%,34.82%,https://www.signalstart.com/analysis/riversee-robot-trading/118998, 9.21%,RiverSee Robot Trading,333.1,$30, 3.27,68,18,Real, 83%
40.0, 0.02%,25.7%,24.9%,https://www.signalstart.com/analysis/basket-trading/32667, 0.54%,Basket Trading,"5,896.5",$75, 1.07,274,3512,Real, 60%
27.0, 0.03%,9.5%,26.73%,https://www.signalstart.com/analysis/nightwalker-ea/53820, 0.85%,NightWalker EA,"2,802.1",$40, 1.31,-,1224,Real, 71%
0.35, 3.05%,38.2%,35.06%,https://www.signalstart.com/analysis/premium-strategies-executor/130919, 35.06%,Premium Strategies Executor,852.2,$35, 2.64,199,151,Real, 89%
0.74, 1.38%,45.3%,35.34%,https://www.signalstart.com/analysis/scalpingtrader2/124143, 35.34%,ScalpingTrader2,"9,027.6",$30, 21.41,162,556,Real, 96%
0.45, 2.24%,8.6%,33.36%,https://www.signalstart.com/analysis/lowrisktrading/129589, 33.36%,LowRiskTrading,146.8,$30, 1.71,87,647,Real, 47%
18.0, 0.05%,29%,36.01%,https://www.signalstart.com/analysis/your-wise-invetiment/69347, 1.64%,Your Wise Invetiment,"3,179.6",$31, 1.1,285,2424,Real, 71%
2.49, 0.41%,4.7%,36.27%,https://www.signalstart.com/analysis/x5-forex-signals/118144, 13.05%,X5 Forex Signals,"10,977.8",$79, 1.94,47,1072,Real, 67%
9.33, 0.11%,65.6%,37.19%,https://www.signalstart.com/analysis/ea-htmix-prom5/63047, 3.44%,EA HTMiX PROM5,"2,244.3",$50, 2.31,335,419,Real, 86%
6.52, 0.16%,48%,36.36%,https://www.signalstart.com/analysis/night-shift-ea-ic-markets/83347, 4.84%,NIGHT SHIFT EA at IC Markets,"1,948.1",$59, 1.08,364,2707,Real, 78%
2.07, 0.52%,9.7%,37.75%,https://www.signalstart.com/analysis/true-trading-pro-elite/113195, 16.56%,True Trading Pro Elite,"3,233.9",$50, 2.08,58,71,Real, 35%
3.23, 0.34%,31.8%,38.45%,https://www.signalstart.com/analysis/forexpress-mt4/112355, 10.51%,FOREXPRESS MT4,"1,511.2",$45, 1.14,436,213,Real, 41%
12.16, 0.09%,36%,38.37%,https://www.signalstart.com/analysis/chen-yu-kai/57088, 2.66%,CHEN YU KAI,"6,039.4",$30, 95.6,177,294,Real, 96%
12.13, 0.09%,27.5%,40.3%,https://www.signalstart.com/analysis/awan/76683, 2.79%,Awan,"2,966",$75, 1.38,-,608,Real, 90%
5.13, 0.22%,12.8%,40.55%,https://www.signalstart.com/analysis/leonlonkaxtb/128959, 6.82%,LeonLonkaXtb,361.3,$50, 1.48,54,113,Real, 40%
9.72, 0.12%,7.9%,40.55%,https://www.signalstart.com/analysis/ulrezaj/65311, 3.55%,Ulrezaj,"8,199",$50, 2.95,91,382,Real, 78%
9.1, 0.13%,4.8%,40.99%,https://www.signalstart.com/analysis/universal-fx/105355, 3.84%,Universal FX,643.3,$100, 5.38,43,42,Real, 74%
4.59, 0.25%,73.1%,41.12%,https://www.signalstart.com/analysis/mercury-eurusd-r4/83361, 7.73%,MERCURY EURUSD R4,64.2,$75, 1.14,416,49,Real, 69%
16.0, 0.07%,84.5%,40.54%,https://www.signalstart.com/analysis/bondi-surf-low-risk/56246, 2.06%,Bondi Surf Low Risk,"1,403",$30, 1.13,366,858,Real, 69%
10.82, 0.11%,11.7%,41.45%,https://www.signalstart.com/analysis/daniel-fx-quantum/59568, 3.25%,Daniel FX Quantum,806,$30, 1.45,96,248,Real, 66%
2.49, 0.47%,24.9%,41.73%,https://www.signalstart.com/analysis/super-dragon/105831, 14.82%,Super Dragon,-307.7,$30, 1.24,120,730,Real, 85%
31.0, 0.04%,20.9%,40.65%,https://www.signalstart.com/analysis/mattytet/29087, 1.09%,Mattytet,"-10,582.1",$30, 1.32,343,939,Real, 48%
13.0, 0.08%,21.9%,41.84%,https://www.signalstart.com/analysis/tradingauditado-adsc/58984, 2.57%,TRADINGAUDITADO ADSC,741.9,$99, 1.5,184,158,Real, 97%
19.0, 0.06%,16.6%,44.06%,https://www.signalstart.com/analysis/safe-steady/38857, 1.87%,SAFE and STEADY,"-382,340.7",$30, 3.22,139,76,Real, 64%
10.95, 0.12%,24.1%,48.94%,https://www.signalstart.com/analysis/vtraderx2/62563, 3.69%,VTraderX2,721.4,$30, 1.13,282,345,Real, 84%
2.07, 0.65%,25.9%,49.08%,https://www.signalstart.com/analysis/oil/116590, 21.05%,Oil,"5,041.3",$99, 1.29,128,262,Real, 55%
1.26, 0.96%,19.2%,44.02%,https://www.signalstart.com/analysis/scalping-ea/118480, 32.67%,Scalping EA,"1,013.1",$30, 2.44,64,362,Real, 84%
33.0, 0.04%,7.9%,49.27%,https://www.signalstart.com/analysis/sweasia-10/123380, 1.20%,SweAsia 10,"1,405.8",$35, 1.33,207,718,Real, 50%
8.56, 0.16%,21.1%,49.47%,https://www.signalstart.com/analysis/iwm/87036, 4.79%,IWM,"15,103",$35, 1.79,327,60,Real, 92%
7.02, 0.19%,21.4%,49.5%,https://www.signalstart.com/analysis/fxt-forex-signals/76452, 5.89%,FXT Forex Signals,"6,194.7",$200, 2.53,75,474,Real, 71%
3.89, 0.38%,18.8%,56.27%,https://www.signalstart.com/analysis/just-gold/107420, 12.05%,Just Gold,"59,164",$45, 1.47,105,196,Real, 59%
3.03, 0.48%,3.7%,55.31%,https://www.signalstart.com/analysis/af-dr-scalper-pro/99216, 15.49%,AF DR Scalper Pro,"8,163.2",$125, 4.2,158,1622,Real, 80%
22.0, 0.06%,30.1%,50.38%,https://www.signalstart.com/analysis/highwinratio/63552, 1.80%,HighWinRatio,702.4,$30, 2.66,307,160,Real, 91%
7.43, 0.20%,17.4%,56.88%,https://www.signalstart.com/analysis/af-big-player-pro-final/122568, 6.22%,AF BIG PLAYER Pro Final,"14,099.6",$300, 2.37,49,3072,Real, 81%
1.1, 1.38%,1.9%,57.18%,https://www.signalstart.com/analysis/af-gold-hunter-pro-final/122582, 49.54%,AF Gold Hunter Pro Final,"567,903",$150, 15.31,-,717,Real, 89%
0.28, 5.86%,7.1%,57.73%,https://www.signalstart.com/analysis/mastersan/132186, 57.73%,MasterSan,947.1,$30, 2.68,-,195,Real, 63%
2.03, 0.76%,24.3%,58.29%,https://www.signalstart.com/analysis/beat-market/108953, 25.01%,BEAT THE MARKET,"13,531.2",$225, 6.4,40,259,Real, 85%
7.69, 0.20%,17%,57.95%,https://www.signalstart.com/analysis/quantina-investor-uk/116149, 6.10%,Quantina Investor UK,669.2,$35, 2.14,98,148,Real, 85%
6.07, 0.27%,29.7%,62.82%,https://www.signalstart.com/analysis/profit-manager-ep1/69543, 8.33%,Profit Manager EP1,"2,609.3",$37, 2.04,-,72,Real, 79%
2.89, 0.54%,35.9%,59.12%,https://www.signalstart.com/analysis/hashtaginvestment/101351, 17.22%,HashtagINVESTMENT,"4,583.5",$30, 2.52,82,684,Real, 58%
0.61, 2.76%,72.9%,63.2%,https://www.signalstart.com/analysis/goldernnuggets/126138, 63.20%,GoldernNuggets,"15,265",$100, 2.13,-,371,Real, 61%
24.39, 0.06%,96.5%,58.82%,https://www.signalstart.com/analysis/sp-ts1/40600, 1.89%,SP TS1,"49,356.7",$40, 1.05,415,1429,Real, 52%
10.66, 0.15%,52.5%,63.89%,https://www.signalstart.com/analysis/hardlinefx/62247, 4.73%,HardlineFX,196.6,$30, 2.43,160,118,Real, 61%
2.26, 0.74%,75.9%,65.62%,https://www.signalstart.com/analysis/kl-profit-signal/106685, 24.64%,kl profit signal,"-3,166.1",$30, 1.03,220,435,Real, 47%
33.0, 0.05%,7.8%,64.78%,https://www.signalstart.com/analysis/1000019669/110927, 1.49%,1000019669,"16,583.1",$30, 1.87,116,2425,Real, 79%
0.58, 3.09%,15.1%,67.79%,https://www.signalstart.com/analysis/capitalgrowth/131024, 67.79%,CapitalGrowth,"6,481.9",$150, 6.46,-,87,Real, 86%
41.0, 0.04%,48.4%,64.32%,https://www.signalstart.com/analysis/rettangolo/23712, 1.19%,RETTANGOLO,"20,356.5",$39, 1.98,346,3414,Real, 77%
9.82, 0.17%,27.9%,67.39%,https://www.signalstart.com/analysis/infinity-fx/85727, 5.36%,Infinity FX,675.2,$35, 1.14,355,559,Real, 72%
32.0, 0.03%,68.4%,37.21%,https://www.signalstart.com/analysis/pantokrator/27857, 0.95%,Pantokrator,"2,196,315.6",$30, 1.07,171,3137,Real, 41%
53.0, 0.02%,43.5%,49.57%,https://www.signalstart.com/analysis/prosilio/32637, 0.74%,prosilio,670.5,$30, 1.06,304,1118,Real, 37%
2.07, 0.86%,49.5%,69.73%,https://www.signalstart.com/analysis/tnt-333/116037, 28.80%,TNT 333,"1,851.9",$30, 2.92,74,157,Real, 87%
3.82, 0.47%,52.1%,71.92%,https://www.signalstart.com/analysis/zeus-trade/99965, 15.08%,Zeus Trade,"30,072.2",$75, 1.09,146,712,Real, 56%
4.49, 0.41%,72.4%,73.26%,https://www.signalstart.com/analysis/mercury-rec-rmax/95170, 12.92%,MERCURY REC RMAX,192.7,$75, 1.14,347,191,Real, 71%
15.0, 0.11%,50.2%,73.34%,https://www.signalstart.com/analysis/tradingauditado-adsun/58981, 3.47%,TRADINGAUDITADO ADSUN,836.8,$99, 1.24,379,204,Real, 86%
53.02, 73.42%,0.7%,73.42%,https://www.signalstart.com/analysis/calm-profitable-trader/134202, 73.42%,CALM PROFITABLE TRADER,"7,736.4",$75, 60.35,-,82,Real, 87%
19.0, 0.09%,37.9%,73.43%,https://www.signalstart.com/analysis/slash-pa/59042, 2.82%,Slash PA,"3,150.2",$49, 6.03,209,270,Real, 88%
1.85, 1.00%,57.8%,74.72%,https://www.signalstart.com/analysis/charging-bull/114490, 34.34%,Charging Bull,"2,727.8",$30, 6.07,65,369,Real, 96%
11.36, 0.16%,57.2%,75.06%,https://www.signalstart.com/analysis/twilight-rush/64950, 5.04%,Twilight Rush,"1,869.2",$40, 1.07,381,658,Real, 76%
27.0, 0.07%,19.5%,73.98%,https://www.signalstart.com/analysis/green-emerald-flyer/30922, 2.00%,Green Emerald Flyer,"8,659",$75, 1.2,354,1205,Real, 81%
70.0, 0.03%,68.8%,75.3%,https://www.signalstart.com/analysis/dream-master-100/31246, 0.79%,dream master 100,-411.7,$75, 1.2,272,560,Real, 78%
1.52, 1.23%,24.4%,75.32%,https://www.signalstart.com/analysis/simple-trading-888/128763, 43.42%,Simple Trading 888,204.2,$60, 3.34,-,28,Real, 82%
14.0, 0.13%,24.1%,76.1%,https://www.signalstart.com/analysis/golden-profit/55810, 4.04%,Golden Profit,"6,912.8",$33, 3,69,252,Real, 86%
3.03, 0.63%,30%,76.77%,https://www.signalstart.com/analysis/profitsfly/112040, 20.48%,ProfitsFly,"2,274.9",$30, 2.12,44,1311,Real, 76%
61.0, 0.03%,15.1%,69.66%,https://www.signalstart.com/analysis/robin-vol-portfolio/24545, 0.86%,Robin VOL portfolio,"18,379.7",$49, 1.12,266,6808,Real, 49%
10.26, 0.19%,68.8%,81.17%,https://www.signalstart.com/analysis/millionmiles/62544, 5.94%,MillionMiles,"6,467.5",$30, 2.09,290,878,Real, 81%
15.0, 0.14%,18%,86.42%,https://www.signalstart.com/analysis/smart-fibo/73477, 4.15%,Smart Fibo,"99,495.4",$39, 1.19,328,723,Real, 81%
0.35, 6.15%,0.6%,81.55%,https://www.signalstart.com/analysis/activetrader-int-lite-plus/133509, 81.55%,ActiveTrader Int Lite Plus,"20,492.9",$150, 154.41,-,250,Real, 97%
15.0, 0.13%,57%,86.26%,https://www.signalstart.com/analysis/trendspotter/101162, 4.06%,TrendSpotter,"1,554.6",$30, 1.1,373,506,Real, 56%
15.0, 0.13%,52%,86.53%,https://www.signalstart.com/analysis/japanese-brexit-swing/89227, 4.01%,Japanese Brexit Swing,933.8,$30, 1.07,394,361,Real, 55%
16.0, 0.13%,28.5%,88.5%,https://www.signalstart.com/analysis/sp-ts3/53059, 3.86%,SP TS3,"13,474.6",$40, 1.51,219,614,Real, 64%
8.56, 0.25%,8.4%,89.11%,https://www.signalstart.com/analysis/retirement-fund/105453, 7.70%,Retirement Fund,"3,004.2",$40, 3.05,39,215,Real, 82%
25.0, 0.08%,14%,90.44%,https://www.signalstart.com/analysis/spotlight-night-ea-multipair/129183, 2.52%,SpotLight Night EA Multipair,"3,412.9",$39, 1.32,124,3152,Real, 82%
36.89, 0.06%,40.8%,91.13%,https://www.signalstart.com/analysis/gustavo-cavalli/26981, 1.75%,Gustavo Cavalli,"15,643.3",$30, 1.41,118,144,Real, 91%
1.52, 1.42%,28.8%,90.78%,https://www.signalstart.com/analysis/jumbo/125130, 51.55%,Jumbo,"2,091.6",$40, 2.26,-,962,Real, 81%
10.66, 0.22%,29.5%,99.6%,https://www.signalstart.com/analysis/gbpavenger/62945, 6.68%,GBPAVENGER,693.1,$40, 1.69,237,194,Real, 68%
3.36, 0.71%,39.2%,103.65%,https://www.signalstart.com/analysis/dollarking/115176, 23.34%,DollarKing,"1,275.3",$30, 17.57,27,119,Real, 85%
40.0, 0.05%,64.2%,82.16%,https://www.signalstart.com/analysis/vus-risk-management/18174, 1.47%,Vus Risk Management,"5,632.1",$30, 0.99,338,4127,Real, 63%
12.59, 0.19%,15.4%,103.76%,https://www.signalstart.com/analysis/1icm/105138, 5.72%,1ICM,"9,639",$30, 1.97,36,267,Real, 74%
15.0, 0.15%,66%,102.85%,https://www.signalstart.com/analysis/stable-collector/57918, 4.48%,stable collector,"7,139.7",$30, 1.52,222,1343,Real, 63%
10.69, 0.22%,20.5%,101.1%,https://www.signalstart.com/analysis/bazava/63399, 6.73%,Bazava,773.8,$49, 4.37,42,94,Real, 98%
48.49, 0.04%,45.9%,84.73%,https://www.signalstart.com/analysis/tevet-capital/40970, 1.26%,Tevet Capital,"69,935.9",$30, 1.06,256,15167,Real, 47%
7.13, 0.33%,62.1%,103.99%,https://www.signalstart.com/analysis/compound-interest-strategy/107539, 10.47%,Compound Interest Strategy,"35,762",$30, 1.14,406,542,Real, 60%
12.59, 0.19%,18.6%,105.68%,https://www.signalstart.com/analysis/vtrader-x1/61593, 5.80%,VTrader X1,"1,202.9",$30, 1.21,175,364,Real, 88%
1.16, 2.10%,31.7%,107.32%,https://www.signalstart.com/analysis/mersedes/125704, 84.50%,MERSEDES,79.1,$45, 157.68,-,20,Real, 95%
8.95, 0.27%,60.8%,107.11%,https://www.signalstart.com/analysis/donald-signal/63011, 8.44%,The Donald Signal,"25,358",$30, 2.45,224,145,Real, 66%
1.13, 2.17%,31.8%,107.22%,https://www.signalstart.com/analysis/tb-master/119614, 87.71%,TB Master,722.8,$39, 2.57,-,1015,Real, 68%
10.72, 0.24%,39.7%,117.38%,https://www.signalstart.com/analysis/sorntraderb1/113118, 7.49%,SornTraderB1,"2,376.6",$149, 2.09,187,670,Real, 78%
21.0, 0.12%,89.8%,117.24%,https://www.signalstart.com/analysis/good-scalp-ecn/62004, 3.64%,Good Scalp ECN,-49.8,$39, 1.12,435,609,Real, 70%
47.0, 0.03%,58.3%,63.05%,https://www.signalstart.com/analysis/price-action-fxpig/7953, 1.02%,Price Action FXPig,"70,689.9",$49, 1.06,403,26275,Real, 52%
0.58, 4.95%,17.5%,118.39%,https://www.signalstart.com/analysis/arablegned/131948, 127.21%,Arablegned,"12,441.8",$77, 1.45,-,227,Real, 69%
5.26, 0.51%,44.5%,123.21%,https://www.signalstart.com/analysis/profit-plus/105922, 16.39%,Profit Plus,"2,985.5",$100, 1.72,190,448,Real, 86%
7.36, 0.37%,32.3%,125.66%,https://www.signalstart.com/analysis/insi/107112, 11.64%,INSI,"6,799.4",$59, 3.23,28,88,Real, 76%
33.0, 0.08%,11.5%,123.75%,https://www.signalstart.com/analysis/vesperium-pamm/63716, 2.44%,Vesperium PAMM,"5,332.3",$30, 1.54,219,2268,Real, 78%
5.23, 0.52%,47.6%,127.45%,https://www.signalstart.com/analysis/prospect/87757, 16.92%,PROSPECT,"21,972",$79, 1.06,188,1373,Real, 68%
14.0, 0.19%,77.4%,128.21%,https://www.signalstart.com/analysis/ta-porfolioadcdmode1y3/58982, 5.90%,TA PORFOLIOADCDMODE1Y3,"2,361.4",$99, 1.23,387,876,Real, 85%
33.0, 0.08%,16.2%,130.08%,https://www.signalstart.com/analysis/eurusd-scalping/55609, 2.53%,EURUSD Scalping,"1,166.3",$75, 1.39,154,799,Real, 83%
10.43, 0.28%,93.4%,143.07%,https://www.signalstart.com/analysis/fx-sk-profit/66910, 8.86%,FX SK PROFIT,"17,837.9",$39, 7.16,312,198,Real, 87%
9.89, 0.30%,42.9%,143.77%,https://www.signalstart.com/analysis/kingofforex/66843, 9.39%,KingOfForex,"2,827.7",$49, 4.61,324,215,Real, 76%
40.0, 0.07%,81.4%,143.27%,https://www.signalstart.com/analysis/finch-m15/53175, 2.18%,finch m15,"45,233.7",$35, 2.29,370,3216,Real, 79%
0.68, 4.57%,57.6%,144.63%,https://www.signalstart.com/analysis/kiwisniper/127419, 144.63%,KiwiSniper,"13,600.3",$150, 2.66,-,67,Real, 78%
6.03, 0.51%,34%,149.24%,https://www.signalstart.com/analysis/teamtradertm/131367, 16.27%,TeamTraderTM,"8,836.4",$30, 2.36,45,285,Real, 80%
2.56, 1.21%,64.3%,152.97%,https://www.signalstart.com/analysis/thaifreeforex/105369, 43.09%,ThaiFreeForex,"3,993.7",$50, 1.27,-,217,Real, 53%
1.95, 1.56%,54.5%,148.64%,https://www.signalstart.com/analysis/secret-cocho/121728, 58.03%,Secret COCHO,"59,050.4",$175, 2.6,-,2578,Real, 83%
2.26, 1.68%,23.8%,209.73%,https://www.signalstart.com/analysis/masastrength/113636, 63.82%,MasaStrength,"5,269.4",$50, 3.86,-,290,Real, 90%
18.0, 0.20%,29.3%,210.15%,https://www.signalstart.com/analysis/opportunist-trader/80414, 6.21%,opportunist trader,"4,773.4",$69, 16.56,104,144,Real, 88%
40.0, 0.07%,100%,144.01%,https://www.signalstart.com/analysis/sureprofit001/20743, 2.17%,SureProfit001,"45,819",$30, 1.19,420,940,Real, 88%
29.0, 0.08%,23.9%,100.61%,https://www.signalstart.com/analysis/strive/45476, 2.36%,Strive,"4,364.6",$39, 1.18,329,2082,Real, 43%
36.72, 0.08%,50.2%,148.72%,https://www.signalstart.com/analysis/gogoprofit1/22491, 2.48%,GoGoProfit1,"-7,286.1",$49, 1.63,262,1018,Real, 75%
17.0, 0.18%,55.6%,154.57%,https://www.signalstart.com/analysis/night-hawk/54418, 5.51%,Night Hawk,"7,102.4",$35, 1.79,238,1061,Real, 76%
3.85, 0.98%,99.9%,210.41%,https://www.signalstart.com/analysis/dulcinea/119355, 33.80%,Dulcinea,"15,056.8",$30, 8.3,205,113,Real, 83%
17.0, 0.23%,19.6%,221.11%,https://www.signalstart.com/analysis/nasdaq-robot/121301, 6.98%,Nasdaq robot,"246,807",$75, 1.56,62,1616,Real, 81%
8.95, 0.43%,71.9%,213.44%,https://www.signalstart.com/analysis/svbet/64767, 13.55%,svbet,"20,309",$50, 2.38,88,6941,Real, 72%
2.26, 1.74%,51.3%,222.16%,https://www.signalstart.com/analysis/brazuka-money-gain/106566, 66.66%,Brazuka Money Gain,"42,654.9",$30, 1.92,-,150,Real, 70%
1.33, 2.97%,78.5%,221.9%,https://www.signalstart.com/analysis/zoom-balance/116758, 136.67%,Zoom Balance,"28,287.9",$50, 1.18,-,8123,Real, 54%
11.1, 0.35%,77.6%,222.51%,https://www.signalstart.com/analysis/jeweler/121322, 11.10%,Jeweler,"3,010.8",$75, 1.73,286,1451,Real, 79%
28.0, 0.13%,68.2%,221.26%,https://www.signalstart.com/analysis/ace-profitable-strategy/50836, 4.08%,Ace Profitable Strategy,"11,923.4",$69, 1.98,388,4631,Real, 72%
11.16, 0.34%,93.7%,211.99%,https://www.signalstart.com/analysis/joker/65893, 10.70%,JOKER,"1,148,028.4",$49, 2.74,395,8069,Real, 94%
8.66, 0.46%,95.8%,229.55%,https://www.signalstart.com/analysis/snow-socks/71279, 14.71%,Snow Socks,"24,005.6",$45, 1.17,423,314,Real, 99%
8.79, 0.49%,50.2%,268.05%,https://www.signalstart.com/analysis/ragusma/72616, 15.91%,ragusma,"11,159.1",$50, 1.36,110,321,Real, 73%
9.03, 0.48%,87.6%,268%,https://www.signalstart.com/analysis/gracious/62907, 15.47%,Gracious,"11,606.3",$30, 30.48,183,181,Real, 98%
18.0, 0.23%,37.2%,263.48%,https://www.signalstart.com/analysis/fxprotrader/71762, 7.10%,Fxprotrader,"-444,130.1",$30, 2.13,361,1719,Real, 91%
9.79, 0.43%,35.9%,251.95%,https://www.signalstart.com/analysis/asha-pro/63097, 13.67%,Asha Pro,"2,353.2",$39, 1.82,321,368,Real, 80%
9.52, 0.46%,47.2%,269.95%,https://www.signalstart.com/analysis/polska/117654, 14.67%,Polska,"106,464.6",$75, 4.7,34,4558,Real, 61%
2.23, 1.99%,68.2%,275.53%,https://www.signalstart.com/analysis/mandaclivefx/108120, 79.72%,mandaclivefx,"7,330.8",$50, 9.51,-,802,Real, 97%
2.26, 1.97%,19.7%,276.1%,https://www.signalstart.com/analysis/fxwealth/131031, 78.31%,FXWEALTH,"13,251",$150, 3.7,-,548,Real, 73%
1.3, 3.48%,61.3%,279.73%,https://www.signalstart.com/analysis/signaluistin/130618, 174.01%,Signaluistin,"2,397.3",$100, 78.23,-,81,Real, 96%
48.03, 0.08%,15.8%,220.75%,https://www.signalstart.com/analysis/turtle-eur/12320, 2.42%,Turtle EUR,"3,267.3",$47, 2.31,138,766,Real, 89%
21.0, 0.20%,25.4%,276.22%,https://www.signalstart.com/analysis/candelabrum-quiet/53569, 6.25%,Candelabrum Quiet,"132,427",$39, 1.32,410,445,Real, 71%
35.0, 0.12%,78.4%,269.2%,https://www.signalstart.com/analysis/keep-calm-carry/33369, 3.73%,Keep Calm and Carry On,"-4,411.9",$35, 1.26,418,3009,Real, 39%
21.0, 0.13%,23.7%,124.73%,https://www.signalstart.com/analysis/amazing/40453, 3.88%,Amazing,"16,577.6",$30, 1.4,141,3875,Real, 69%
10.82, 0.40%,16.7%,270.52%,https://www.signalstart.com/analysis/gold-trader/63516, 12.82%,Gold Trader,"42,554",$35, 7.3,60,380,Real, 85%
46.0, 0.08%,48.7%,217.69%,https://www.signalstart.com/analysis/velocigrid3/27560, 2.49%,VelociGrid3,"4,813",$35, 1.27,319,4266,Real, 72%
49.0, 0.09%,27.8%,275.2%,https://www.signalstart.com/analysis/firmum-fiduciam-motus/32690, 2.64%,Firmum Fiduciam Motus,"5,834.8",$55, 1.26,235,2962,Real, 74%
53.0, 0.09%,73.2%,302.51%,https://www.signalstart.com/analysis/compoundmachine/33153, 2.62%,CompoundMachine,"34,054.4",$34, 1.24,341,916,Real, 54%
3.85, 1.21%,7.2%,305.05%,https://www.signalstart.com/analysis/direct-investment/125326, 43.27%,Direct Investment,"1,959.3",$38, 28.04,-,234,Real, 89%
3.36, 1.41%,33.6%,311%,https://www.signalstart.com/analysis/rollsupreme/109268, 51.72%,RollSupreme,"1,501.6",$75, 3.31,-,369,Real, 70%
3.36, 1.39%,17.8%,301.43%,https://www.signalstart.com/analysis/ayk/111704, 50.67%,AYK,"3,480.8",$50, 6.96,-,165,Real, 91%
11.62, 0.41%,59.8%,313%,https://www.signalstart.com/analysis/gag/64202, 12.94%,GAG,"-2,141.9",$50, 1.74,72,1508,Real, 51%
2.52, 1.89%,60.2%,314.63%,https://www.signalstart.com/analysis/long-term-gain/110794, 74.40%,Long Term Gain,"7,557.6",$55, 18.66,-,364,Real, 98%
3.59, 1.33%,52.4%,316.04%,https://www.signalstart.com/analysis/mercury-rec-r5/96192, 48.20%,MERCURY REC R5,454.5,$75, 1.81,-,202,Real, 78%
21.0, 0.24%,71.9%,370.38%,https://www.signalstart.com/analysis/fxpleasant/37741, 7.49%,fxpleasant,"1,261.4",$30, 2.37,271,502,Real, 64%
51.0, 0.09%,70.6%,301.15%,https://www.signalstart.com/analysis/mtf-hybrid-forex-robot-full/14067, 2.69%,MTF Hybrid Forex Robot FULL,"5,036.5",$30, 1.13,332,4458,Real, 69%
24.62, 0.19%,95.4%,320.14%,https://www.signalstart.com/analysis/traderjoe/36119, 5.91%,TraderJoe,"4,227.9",$90, 1.25,433,504,Real, 69%
28.0, 0.16%,37.8%,315.9%,https://www.signalstart.com/analysis/reliable-consistent-profits/50713, 5.01%,Reliable Consistent Profits,"20,008.4",$49, 3.27,169,5630,Real, 74%
23.0, 0.23%,10.8%,407.29%,https://www.signalstart.com/analysis/candlestick-hunter/134118, 7.07%,Candlestick Hunter,"25,773.3",$175, 5.01,50,1326,Real, 83%
9.92, 0.54%,47.6%,390.76%,https://www.signalstart.com/analysis/limerence-ea-suite-1/64482, 17.32%,Limerence EA Suite 1,-650.1,$75, 7.5,390,71,Real, 80%
29.0, 0.16%,94.5%,321.42%,https://www.signalstart.com/analysis/trendcatcher/28670, 5.02%,TrendCatcher,"38,644",$30, 1.25,305,1798,Real, 65%
0.45, 13.40%,26.1%,412.61%,https://www.signalstart.com/analysis/forex1systemxs/128462, 412.61%,Forex1systemxs,"1,282.7",$69, 3.21,-,100,Real, 64%
3.39, 1.63%,53.8%,418.29%,https://www.signalstart.com/analysis/nguyen-ly/103829, 61.70%,Nguyen Ly,-244.4,$59, 1.66,-,127,Real, 68%
1.82, 3.01%,28.5%,411.43%,https://www.signalstart.com/analysis/metal/122295, 140.81%,Metal,"26,123",$76, 19.17,-,89,Real, 92%
16.0, 0.32%,73.5%,383.64%,https://www.signalstart.com/analysis/algo102/66517, 10.01%,Algo102,"1,195.9",$30, 1.9,296,10445,Real, 69%
8.89, 0.62%,58.2%,421.9%,https://www.signalstart.com/analysis/mercury-chfjpy-rx/64808, 20.34%,Mercury CHFJPY RX,206.6,$75, 1.39,368,133,Real, 76%
1.89, 3.09%,60.2%,465.68%,https://www.signalstart.com/analysis/prof/126782, 146.15%,The Prof,"2,791.3",$50, 1.58,-,400,Real, 60%
8.89, 0.65%,69.5%,470.04%,https://www.signalstart.com/analysis/captur-trender/65653, 21.54%,Captur Trender,176.1,$50, 2.23,391,144,Real, 56%
2.66, 2.28%,75.9%,508.92%,https://www.signalstart.com/analysis/fx-money-maker-ii/129561, 95.71%,FX Money Maker II,"2,291.5",$39, 2.27,-,421,Real, 74%
20.0, 0.30%,42.5%,520.77%,https://www.signalstart.com/analysis/swiss-capital/64988, 9.43%,Swiss Capital,"14,606.7",$300, 10.31,73,352,Real, 86%
53.0, 0.09%,30.7%,322.63%,https://www.signalstart.com/analysis/goodprofit/11059, 2.68%,GoodProfit,"6,396.1",$75, 1.18,378,2674,Real, 72%
65.0, 0.09%,69.6%,505.15%,https://www.signalstart.com/analysis/novo1000/406, 2.76%,Novo1000,"-8,491.4",$30, 1.23,336,5485,Real, 62%
13.0, 0.43%,54.9%,526.27%,https://www.signalstart.com/analysis/stand-dev-split/61056, 13.87%,Stand Dev Split,901.1,$75, 15.13,147,245,Real, 96%
1.62, 3.94%,85.9%,563.37%,https://www.signalstart.com/analysis/alchemy/113314, 213.27%,Alchemy,"2,231.7",$49, 1.39,-,329,Real, 57%
0.71, 9.39%,24.6%,558.62%,https://www.signalstart.com/analysis/horse/133929, 558.62%,Horse,"18,098",$63, 8.89,-,60,Real, 92%
23.0, 0.26%,54.5%,524.01%,https://www.signalstart.com/analysis/robobank/58548, 8.07%,ROBOBANK,"4,075.4",$30, 1.36,201,2020,Real, 80%
13.0, 0.46%,57.2%,564.17%,https://www.signalstart.com/analysis/track-tracker/56680, 14.79%,Track Tracker,"5,576.7",$40, 6.23,308,1293,Real, 93%
13.0, 0.45%,28.8%,567.48%,https://www.signalstart.com/analysis/m7-icm/78349, 14.53%,M7 ICM,"2,210.9",$250, 2.62,57,1556,Real, 64%
21.0, 0.28%,82.6%,519.63%,https://www.signalstart.com/analysis/activetrader-pro-medium-risk/65416, 8.87%,ActiveTrader Pro Medium Risk,"48,666",$200, 2.04,365,12071,Real, 75%
25.0, 0.20%,84.1%,370.89%,https://www.signalstart.com/analysis/success/40910, 6.06%,Success,"33,950.7",$50, 1.3,416,5124,Real, 96%
30.0, 0.22%,28.9%,661.69%,https://www.signalstart.com/analysis/fxquality/30723, 6.92%,FXQuality,"16,985",$30, 2.19,41,9455,Real, 69%
0.94, 7.70%,34.4%,699.03%,https://www.signalstart.com/analysis/rr2/129372, 699.03%,RR2,"8,737.9",$45, 126.36,-,170,Real, 97%
1.46, 4.88%,56.8%,714.78%,https://www.signalstart.com/analysis/redfx/125781, 308.58%,RedFx,"2,293.6",$75, 6.84,-,498,Real, 76%
52.0, 0.10%,39.1%,400.65%,https://www.signalstart.com/analysis/velociraptor/14270, 3.10%,VelociRaptor,"9,687.7",$30, 1.07,295,3807,Real, 78%
7.89, 0.89%,53.6%,721.89%,https://www.signalstart.com/analysis/af-investing-pro/66924, 30.45%,AF Investing Pro,-806.2,$250, 2.75,143,9776,Real, 78%
10.69, 0.66%,72.2%,722.38%,https://www.signalstart.com/analysis/fxcyborg/81002, 21.71%,FxCyborg,440.3,$60, 1.88,427,230,Real, 83%
30.0, 0.23%,36.8%,737.92%,https://www.signalstart.com/analysis/friday-monday/66191, 7.05%,Friday Monday,"4,354.1",$31, 1.5,157,1442,Real, 75%
55.0, 0.12%,34.5%,661.37%,https://www.signalstart.com/analysis/sfe-night-scalper/40973, 3.67%,SFE Night Scalper,"13,079.2",$40, 1.24,247,13657,Real, 65%
37.0, 0.18%,50.9%,736.11%,https://www.signalstart.com/analysis/revenant/57128, 5.69%,Revenant,"33,739.6",$59, 2.69,337,3899,Real, 76%
51.0, 0.13%,69.8%,710.38%,https://www.signalstart.com/analysis/bg-grid/8702, 4.08%,BG Grid,"20,430.2",$40, 2.1,339,1636,Real, 69%
2.13, 3.78%,36.8%,972.84%,https://www.signalstart.com/analysis/unruly/114644, 200.44%,Unruly,453.2,$59, 2.56,-,120,Real, 74%
10.23, 0.77%,61.6%,967.73%,https://www.signalstart.com/analysis/qbfx/124185, 25.97%,QBFX,"38,399",$30, 1.7,195,3742,Real, 78%
39.0, 0.17%,55.5%,715.57%,https://www.signalstart.com/analysis/b4x/120993, 5.34%,B4x,"86,333.6",$30, 2.07,165,33710,Real, 75%
24.16, 0.33%,65.1%,"1,057.28%",https://www.signalstart.com/analysis/exponential-profits/33249, 10.50%,Exponential Profits,"5,512.5",$50, 3.47,90,513,Real, 80%
32.0, 0.24%,27.9%,955.66%,https://www.signalstart.com/analysis/fxsparta/61470, 7.35%,FxSparta,"40,950.6",$69, 3.59,210,5170,Real, 78%
6.92, 1.20%,38.9%,"1,088.31%",https://www.signalstart.com/analysis/forex-signal/73463, 42.73%,Forex signal,"23,637.3",$30, 3.17,-,99,Real, 95%
1.56, 5.97%,8.1%,"1,427.27%",https://www.signalstart.com/analysis/professional-hedge-system/132417, 455.16%,Professional Hedge System,"9,798.9",$59, 7.11,-,113,Real, 80%
8.89, 1.01%,48.4%,"1,372.69%",https://www.signalstart.com/analysis/sure-shot-returns/80701, 35.18%,Sure Shot Returns,"4,199.7",$69, 4.21,26,229,Real, 84%
39.0, 0.21%,50.6%,"1,059.6%",https://www.signalstart.com/analysis/blackwave-alpine-client/58895, 6.37%,Blackwave Alpine Client,"45,024.3",$45, 3.35,284,2104,Real, 83%
51.0, 0.16%,47.2%,"1,099.97%",https://www.signalstart.com/analysis/sfe-night-scalper-eurchf/40974, 4.87%,SFE Night Scalper EURCHF,"6,240.8",$40, 1.45,300,4919,Real, 64%
1.39, 6.99%,53.3%,"1,610.99%",https://www.signalstart.com/analysis/gracealphafx/128490, 634.88%,GraceAlphaFx,"14,490.4",$100, 2.85,-,174,Real, 75%
3.49, 2.77%,64.4%,"1,659.05%",https://www.signalstart.com/analysis/rwp-capital-copy-e/113825, 125.63%,RWP Capital Copy E,"7,243.2",$99, 1.53,-,187,Real, 76%
23.0, 0.41%,13.4%,"1,768.19%",https://www.signalstart.com/analysis/doctor-pip/134048, 12.88%,Doctor Pip,"37,342",$100, 4.73,31,1995,Real, 83%
78.0, 0.12%,64.6%,"1,571.71%",https://www.signalstart.com/analysis/caesar-icmarkets/4717, 3.58%,Caesar IcMarkets,"45,078.5",$99, 1.65,320,9794,Real, 72%
9.23, 1.20%,74.2%,"2,648.47%",https://www.signalstart.com/analysis/gauntlet/66847, 43.04%,Gauntlet,"98,656.1",$64, 26.85,-,270,Real, 96%
27.0, 0.35%,48.4%,"1,687.44%",https://www.signalstart.com/analysis/magic-signal/34192, 11.07%,Magic Signal,"12,055.2",$100, 2.21,33,665,Real, 75%
47.0, 0.20%,23.8%,"1,823.6%",https://www.signalstart.com/analysis/ivory/57132, 6.29%,Ivory,"59,942.3",$59, 3.06,261,5792,Real, 79%
57.0, 0.20%,50%,"3,142.08%",https://www.signalstart.com/analysis/blackwave-pacific/2335, 6.15%,Blackwave Pacific,"104,351.8",$69, 4.29,267,1860,Real, 78%
40.0, 0.28%,33%,"2,979.02%",https://www.signalstart.com/analysis/leprecon/57125, 8.68%,Leprecon,"24,493",$59, 2.89,228,3483,Real, 74%
6.66, 1.80%,3.8%,"3,426.88%",https://www.signalstart.com/analysis/platinum/124577, 70.33%,Platinum,"1,314.3",$60, 4.98,-,141,Real, 79%
18.0, 0.37%,82.5%,666.5%,https://www.signalstart.com/analysis/cash-flow/44286, 11.80%,Cash Flow,"36,851.5",$30, 2.21,351,11648,Real, 91%
17.0, 0.70%,80.1%,"3,521.16%",https://www.signalstart.com/analysis/traffic-crazy/53570, 23.22%,Traffic Crazy,"7,423.2",$39, 2.1,245,889,Real, 77%
22.0, 0.51%,27.6%,"3,374.16%",https://www.signalstart.com/analysis/bushmills/62540, 16.58%,Bushmills,"18,247",$45, 4.59,251,2910,Real, 97%
57.0, 0.10%,24.3%,503.47%,https://www.signalstart.com/analysis/sfe-price-action/20962, 3.13%,SFE Price Action,"287,039.1",$40, 1.14,437,22442,Real, 57%
24.49, 0.33%,93.3%,"1,100.46%",https://www.signalstart.com/analysis/forex-swap-robot/53730, 10.52%,Forex Swap Robot,"54,005.2",$30, 3.27,358,33484,Real, 92%
55.0, 0.13%,82.1%,769.91%,https://www.signalstart.com/analysis/nile-ma/3701, 3.90%,NiLe MA,"21,673.7",$60, 1.35,386,7422,Real, 69%
51.0, 0.21%,92.8%,"2,809.85%",https://www.signalstart.com/analysis/mmp/10866, 6.62%,MMP,"36,987.7",$30, 1.61,376,4544,Real, 92%
